id,doi,title,publication_year,type,venue,open_access,landing_url
https://openalex.org/W2108145145,https://doi.org/10.1172/jci114322,Tumor vascular permeability factor stimulates endothelial cell growth and angiogenesis.,1989,article,Journal of Clinical Investigation,True,https://doi.org/10.1172/jci114322
https://openalex.org/W2096813909,https://doi.org/10.1097/01.prs.0000138251.07040.51,Platelet Quantification and Growth Factor Analysis from Platelet-Rich Plasma: Implications for Wound Healing,2004,article,Plastic & Reconstructive Surgery,False,https://doi.org/10.1097/01.prs.0000138251.07040.51
https://openalex.org/W2007764579,https://doi.org/10.1097/01.prs.0000239606.92676.cf,Platelet-Rich Plasma: A Review of Biology and Applications in Plastic Surgery,2006,review,Plastic & Reconstructive Surgery,True,https://doi.org/10.1097/01.prs.0000239606.92676.cf
https://openalex.org/W2052511585,https://doi.org/10.1097/01.scs.0000186454.07097.bf,Platelet Rich Plasma: Biology and New Technology,2005,review,Journal of Craniofacial Surgery,False,https://doi.org/10.1097/01.scs.0000186454.07097.bf
https://openalex.org/W1991445463,https://doi.org/10.1016/s0090-4295(99)80227-1,Experimental assessment of small intestinal submucosa as a bladder wall substitute,1995,article,Urology,False,https://doi.org/10.1016/s0090-4295(99)80227-1
https://openalex.org/W2087696832,https://doi.org/10.1097/01.prs.0000132856.69391.43,Resorbable PLLA-PGA Plate and Screw Fixation in Pediatric Craniofacial Surgery: Clinical Experience in 1883 Patients,2004,article,Plastic & Reconstructive Surgery,False,https://doi.org/10.1097/01.prs.0000132856.69391.43
https://openalex.org/W2040476825,https://doi.org/10.1097/01.prs.0000232436.91409.30,Injectable Soft-Tissue Fillers: Clinical Overview,2006,review,Plastic & Reconstructive Surgery,False,https://doi.org/10.1097/01.prs.0000232436.91409.30
https://openalex.org/W2084977200,https://doi.org/10.1097/01.scs.0000179662.38172.dd,Allograft and Alloplastic Bone Substitutes: A Review of Science and Technology For the Craniomaxillofacial Surgeon,2005,review,Journal of Craniofacial Surgery,False,https://doi.org/10.1097/01.scs.0000179662.38172.dd
https://openalex.org/W1992525508,https://doi.org/10.1016/j.joms.2004.11.011,Use of resorbable plates and screws in pediatric facial fractures,2005,article,Journal of Oral and Maxillofacial Surgery,False,https://doi.org/10.1016/j.joms.2004.11.011
https://openalex.org/W2006207523,https://doi.org/10.1097/prs.0b013e318191be2d,Adipose Stromal Cells and Platelet-Rich Plasma Therapies Synergistically Increase Revascularization during Wound Healing,2009,article,Plastic & Reconstructive Surgery,False,https://doi.org/10.1097/prs.0b013e318191be2d
https://openalex.org/W1989588640,https://doi.org/10.1097/00006534-199707000-00001,Resorbable Plate Fixation in Pediatric Craniofacial Surgery,1997,article,Plastic & Reconstructive Surgery,False,https://doi.org/10.1097/00006534-199707000-00001
https://openalex.org/W1970965700,https://doi.org/10.1097/01.prs.0000164494.45986.91,The Spectrum of Orofacial Clefting,2005,review,Plastic & Reconstructive Surgery,False,https://doi.org/10.1097/01.prs.0000164494.45986.91
https://openalex.org/W1964901939,https://doi.org/10.1097/00001665-199703000-00010,Degradation Characteristics of PLLA-PGA Bone Fixation Devices,1997,article,Journal of Craniofacial Surgery,False,https://doi.org/10.1097/00001665-199703000-00010
https://openalex.org/W1996016116,https://doi.org/10.1097/00000637-199510000-00008,Small Intestinal Submucosa,1995,article,Annals of Plastic Surgery,False,https://doi.org/10.1097/00000637-199510000-00008
https://openalex.org/W2064141016,https://doi.org/10.1097/00006534-200103000-00016,Experimental Assessment of the Revascularization of Acellular Human Dermis for Soft-Tissue Augmentation,2001,article,Plastic & Reconstructive Surgery,False,https://doi.org/10.1097/00006534-200103000-00016
https://openalex.org/W2085541762,https://doi.org/10.1097/00000637-199510000-00009,Small Intestinal Submucosa,1995,article,Annals of Plastic Surgery,False,https://doi.org/10.1097/00000637-199510000-00009
https://openalex.org/W2060634962,https://doi.org/10.1053/joms.2001.19267,The fate of resorbable poly-L-lactic/polyglycolic acid (Lactosorb) bone fixation devices in orthognathic surgery,2001,article,Journal of Oral and Maxillofacial Surgery,False,https://doi.org/10.1053/joms.2001.19267
https://openalex.org/W2083142753,https://doi.org/10.1097/00006534-199508000-00009,A Comparison of Resorbable and Metallic Fixation in Healing of Calvarial Bone Grafts,1995,article,Plastic & Reconstructive Surgery,False,https://doi.org/10.1097/00006534-199508000-00009
https://openalex.org/W2040274433,https://doi.org/10.1097/00006534-199212000-00013,Bioactivation of Free-Fat Transfers,1992,article,Plastic & Reconstructive Surgery,False,https://doi.org/10.1097/00006534-199212000-00013
https://openalex.org/W2059695172,https://doi.org/10.1097/00001665-200501000-00019,Three-Dimensional Osteotomy Planning in Maxillofacial Surgery Including Soft Tissue Prediction,2005,article,Journal of Craniofacial Surgery,False,https://doi.org/10.1097/00001665-200501000-00019
https://openalex.org/W1998285341,https://doi.org/10.1597/1545-1569(2000)037<0229:moacbg>2.3.co;2,Management of Alveolar Cleft Bone Grafting—State of the Art,2000,article,The Cleft Palate-Craniofacial Journal,False,https://doi.org/10.1597/1545-1569(2000)037<0229:moacbg>2.3.co;2
https://openalex.org/W1985905339,https://doi.org/10.1097/00006534-200203000-00005,"Cranial Reconstruction with Computer-Generated Hard-Tissue Replacement Patient-Matched Implants: Indications, Surgical Technique, and Long-Term Follow-Up",2002,article,Plastic & Reconstructive Surgery,False,https://doi.org/10.1097/00006534-200203000-00005
https://openalex.org/W1981956923,https://doi.org/10.1097/00001665-199703000-00008,Nonmetallic Fixation in Traumatic Midfacial Fractures,1997,article,Journal of Craniofacial Surgery,False,https://doi.org/10.1097/00001665-199703000-00008
https://openalex.org/W2121384525,https://doi.org/10.1053/joms.2001.20988,Fixation of bimaxillary osteotomies with resorbable plates and screws: Experience in 20 consecutive cases,2001,article,Journal of Oral and Maxillofacial Surgery,False,https://doi.org/10.1053/joms.2001.20988
https://openalex.org/W1995637681,https://doi.org/10.1097/00001665-200209000-00011,Craniofacial Reconstruction With Computer-Generated HTR Patient-Matched Implants: Use in Primary Bony Tumor Excision,2002,article,Journal of Craniofacial Surgery,False,https://doi.org/10.1097/00001665-200209000-00011
https://openalex.org/W2017995546,https://doi.org/10.1097/00001665-200501000-00028,Biomechanical Testing of Alloplastic PMMA Cranioplasty Materials,2005,article,Journal of Craniofacial Surgery,False,https://doi.org/10.1097/00001665-200501000-00028
https://openalex.org/W2044054454,https://doi.org/10.1016/0278-2391(88)90223-6,Enhancement of angiogenesis by bFGF in mandibular bone graft healing in the rabbit,1988,article,Journal of Oral and Maxillofacial Surgery,False,https://doi.org/10.1016/0278-2391(88)90223-6
https://openalex.org/W185184229,https://doi.org/10.1097/scs.0b013e31815c8aae,Craniosynostosis,2008,article,Journal of Craniofacial Surgery,False,https://doi.org/10.1097/scs.0b013e31815c8aae
https://openalex.org/W2167233167,https://doi.org/10.1016/s0278-2391(96)90310-9,Alveolar cleft bone grafting (Part I): Primary bone grafting,1996,review,Journal of Oral and Maxillofacial Surgery,False,https://doi.org/10.1016/s0278-2391(96)90310-9
https://openalex.org/W2175091339,https://doi.org/10.1597/1545-1569(1990)027<0225:aeocai>2.3.co;2,An Evaluation of Calvarial and Iliac Donor Sites in Alveolar Cleft Grafting,1990,article,The Cleft Palate-Craniofacial Journal,False,https://doi.org/10.1597/1545-1569(1990)027<0225:aeocai>2.3.co;2
https://openalex.org/W2079637652,https://doi.org/10.1016/0278-2391(90)90233-r,Stimulation of craniofacial and intramedullary bone formation by negatively charged beads,1990,article,Journal of Oral and Maxillofacial Surgery,False,https://doi.org/10.1016/0278-2391(90)90233-r
https://openalex.org/W2018105063,https://doi.org/10.1097/scs.0b013e31827fee33,Facial Dog Bite Injuries in Children,2013,article,Journal of Craniofacial Surgery,False,https://doi.org/10.1097/scs.0b013e31827fee33
https://openalex.org/W4255800459,https://doi.org/10.1097/00006534-199911000-00025,Alloplastic Implantation,1999,review,Plastic & Reconstructive Surgery,False,https://doi.org/10.1097/00006534-199911000-00025
https://openalex.org/W2032363108,https://doi.org/10.1097/00001665-200303000-00014,Hydroxyapatite Cranioplasty: 2. Clinical Experience With a New Quick-Setting Material,2003,article,Journal of Craniofacial Surgery,False,https://doi.org/10.1097/00001665-200303000-00014
https://openalex.org/W2037958175,https://doi.org/10.1016/s0022-5347(01)64947-4,A Buccal Mucosal Harvesting Technique for Urethral Reconstruction,1997,article,The Journal of Urology,False,https://doi.org/10.1016/s0022-5347(01)64947-4
https://openalex.org/W4247847077,https://doi.org/10.1597/1545-1569_2000_037_0229_moacbg_2.3.co_2,Management of Alveolar Cleft Bone Grafting—State of the Art,2000,review,The Cleft Palate-Craniofacial Journal,False,https://doi.org/10.1597/1545-1569_2000_037_0229_moacbg_2.3.co_2
https://openalex.org/W2177755030,https://doi.org/10.1597/1545-1569_1993_030_0164_eeobpi_2.3.co_2,Experimental Effects of Bone Plating in Infancy on Craniomaxillofacial Skeletal Growth,1993,article,The Cleft Palate-Craniofacial Journal,False,https://doi.org/10.1597/1545-1569_1993_030_0164_eeobpi_2.3.co_2
https://openalex.org/W2993545753,,Resorbable bone fixation: its potential role in cranio-maxillofacial trauma.,1996,article,PubMed,False,https://pubmed.ncbi.nlm.nih.gov/11951475
https://openalex.org/W2099053064,https://doi.org/10.1016/s0278-2391(10)80319-2,Autologous facial fat transplantation: Improved graft maintenance by microbead bioactivation,1992,article,Journal of Oral and Maxillofacial Surgery,False,https://doi.org/10.1016/s0278-2391(10)80319-2
https://openalex.org/W2023995154,https://doi.org/10.1097/00006534-199107000-00001,Free Bone Graft Reconstruction of Irradiated Facial Tissue,1991,article,Plastic & Reconstructive Surgery,False,https://doi.org/10.1097/00006534-199107000-00001
https://openalex.org/W1992147979,https://doi.org/10.1007/s00266-012-0018-8,Surgical Pocket Location for Gluteal Implants: A Systematic Review,2013,review,Aesthetic Plastic Surgery,False,https://doi.org/10.1007/s00266-012-0018-8
https://openalex.org/W2154893140,https://doi.org/10.1016/s0363-5023(05)80057-7,Mini and micro plating of phalangeal and metacarpal fractures: A biomechanical study,1995,article,The Journal Of Hand Surgery,False,https://doi.org/10.1016/s0363-5023(05)80057-7
https://openalex.org/W2066704993,https://doi.org/10.1016/s0278-2391(00)90049-1,Resorbable fixation techniques for genioplasty,2000,article,Journal of Oral and Maxillofacial Surgery,False,https://doi.org/10.1016/s0278-2391(00)90049-1
https://openalex.org/W1973616195,https://doi.org/10.1007/bf00451350,Effects of a positively charged biomaterial for dermal and subcutaneous augmentation,1994,article,Aesthetic Plastic Surgery,False,https://doi.org/10.1007/bf00451350
https://openalex.org/W1977580031,https://doi.org/10.1097/00006534-199012000-00006,Evaluation of HTR Polymer as a Craniomaxillofacial Graft Material,1990,article,Plastic & Reconstructive Surgery,False,https://doi.org/10.1097/00006534-199012000-00006
https://openalex.org/W2087498023,https://doi.org/10.1016/0278-2391(91)90268-q,Efficacy of nerve growth factor in regeneration of the mandibular nerve: A preliminary report,1991,article,Journal of Oral and Maxillofacial Surgery,False,https://doi.org/10.1016/0278-2391(91)90268-q
https://openalex.org/W1983020820,https://doi.org/10.1016/0278-2391(85)90227-7,Simultaneous occurrence of dermoid and heterotopic intestinal cysts in the floor of the mouth of a newborn,1985,article,Journal of Oral and Maxillofacial Surgery,False,https://doi.org/10.1016/0278-2391(85)90227-7
https://openalex.org/W2076696247,https://doi.org/10.1016/0278-2391(88)90298-4,Collagen tube repair of the mandibular nerve: A preliminary investigation in the rat,1988,article,Journal of Oral and Maxillofacial Surgery,False,https://doi.org/10.1016/0278-2391(88)90298-4
https://openalex.org/W2026949596,https://doi.org/10.1097/00001665-199807000-00005,Use of a Resorbable Fixation Technique for Maxillary Fractures,1998,article,Journal of Craniofacial Surgery,False,https://doi.org/10.1097/00001665-199807000-00005
https://openalex.org/W1976045156,https://doi.org/10.1097/00001665-200011040-00019,Zygomaticomaxillary Fracture Repair With Resorbable Plates and Screws,2000,article,Journal of Craniofacial Surgery,False,https://doi.org/10.1097/00001665-200011040-00019
https://openalex.org/W2073931611,https://doi.org/10.1097/00001665-200011060-00011,Resorbable Polymer Fixation for Craniomaxillofacial Surgery,2000,review,Journal of Craniofacial Surgery,False,https://doi.org/10.1097/00001665-200011060-00011
https://openalex.org/W1970087536,https://doi.org/10.1097/00005537-199706000-00003,Resorbable Fixation Plates in Head and Neck Surgery,1997,article,The Laryngoscope,True,https://doi.org/10.1097/00005537-199706000-00003
https://openalex.org/W1976540356,https://doi.org/10.1016/0278-2391(91)90343-k,Microanatomic analysis of the trigeminal nerve and potential nerve graft donor sites,1991,article,Journal of Oral and Maxillofacial Surgery,False,https://doi.org/10.1016/0278-2391(91)90343-k
https://openalex.org/W2005209581,https://doi.org/10.1097/00001665-200303000-00008,The Influence of Temperature on the Degradation Rate of LactoSorb Copolymer,2003,article,Journal of Craniofacial Surgery,False,https://doi.org/10.1097/00001665-200303000-00008
https://openalex.org/W90993023,https://doi.org/10.1016/s0094-1298(20)30723-9,Surgical Correction of Metopic Suture Synostosis,1994,article,Clinics in Plastic Surgery,False,https://doi.org/10.1016/s0094-1298(20)30723-9
https://openalex.org/W2056674165,https://doi.org/10.1097/00006534-199006000-00003,Modifications in the Surgical Correction of Trigonocephaly,1990,article,Plastic & Reconstructive Surgery,False,https://doi.org/10.1097/00006534-199006000-00003
https://openalex.org/W2092738311,https://doi.org/10.1097/01.prs.0000282728.97278.a2,Surgical Cephalometrics: Applications and Developments,2007,review,Plastic & Reconstructive Surgery,False,https://doi.org/10.1097/01.prs.0000282728.97278.a2
https://openalex.org/W2057798268,https://doi.org/10.1097/scs.0b013e3180a772ba,Mandibular Coronoid Hyperplasia in Pediatric Patients,2007,review,Journal of Craniofacial Surgery,False,https://doi.org/10.1097/scs.0b013e3180a772ba
https://openalex.org/W1972934192,https://doi.org/10.1097/00001665-199905000-00011,Resorbable PLLA-PGA Screw Fixation of Mandibular Sagittal Split Osteotomies,1999,article,Journal of Craniofacial Surgery,False,https://doi.org/10.1097/00001665-199905000-00011
https://openalex.org/W2000674096,https://doi.org/10.1097/00001665-199405000-00012,Effects of Resorbable Fixation on Craniofacial Skeletal Growth,1994,article,Journal of Craniofacial Surgery,False,https://doi.org/10.1097/00001665-199405000-00012
https://openalex.org/W1967272972,https://doi.org/10.1097/00001665-199811000-00011,Computer-Generated Patient Models for Reconstruction of Cranial and Facial Deformities,1998,article,Journal of Craniofacial Surgery,False,https://doi.org/10.1097/00001665-199811000-00011
https://openalex.org/W2055379501,https://doi.org/10.1097/00001665-199511000-00011,Resorbable Coupling Fixation in Craniosynostosis Surgery,1995,article,Journal of Craniofacial Surgery,False,https://doi.org/10.1097/00001665-199511000-00011
https://openalex.org/W1481820173,,Maxillofacial Trauma Esthetic Facial Reconstruction,2003,book,,False,https://www.journal-surgery.net/article/S1743-9191(06)60041-1/pdf
https://openalex.org/W2011762120,https://doi.org/10.1002/micr.1920150812,Experimental evaluation of small intestinal submucosa as a microvascular graft material,1994,article,Microsurgery,False,https://doi.org/10.1002/micr.1920150812
https://openalex.org/W1969253795,https://doi.org/10.1097/00001665-199212000-00003,Effects of Resorbable Fixation on Craniofacial Skeletal Growth,1992,article,Journal of Craniofacial Surgery,False,https://doi.org/10.1097/00001665-199212000-00003
https://openalex.org/W2001136387,https://doi.org/10.1097/00000637-199307000-00005,Experimental Effects of Intraorbital Tissue Expansion on Orbitomaxillary Growth in Anophthalmos,1993,article,Annals of Plastic Surgery,False,https://doi.org/10.1097/00000637-199307000-00005
https://openalex.org/W2016004363,https://doi.org/10.1007/bf02273860,A physicochemical approach to improving free fat graft survival: Preliminary observations,1991,article,Aesthetic Plastic Surgery,False,https://doi.org/10.1007/bf02273860
https://openalex.org/W2040696003,https://doi.org/10.1097/00000637-199107000-00006,Microfixation Techniques in Pediatric Craniomaxillofacial Surgery,1991,article,Annals of Plastic Surgery,False,https://doi.org/10.1097/00000637-199107000-00006
https://openalex.org/W2075358243,https://doi.org/10.1007/s00266-008-9292-x,Body Contouring with Solid Silicone Implants,2009,article,Aesthetic Plastic Surgery,False,https://doi.org/10.1007/s00266-008-9292-x
https://openalex.org/W1995519829,https://doi.org/10.1097/00001665-199911000-00014,Tracing Craniosynostosis to Its Developmental Stage Through Bone Center Displacement,1999,article,Journal of Craniofacial Surgery,False,https://doi.org/10.1097/00001665-199911000-00014
https://openalex.org/W4241806356,https://doi.org/10.1097/00000637-199331010-00005,Experimental Effects of Intraorbital Tissue Expansion on Orbitomaxillary Growth in Anophthalmos,1993,article,Annals of Plastic Surgery,False,https://doi.org/10.1097/00000637-199331010-00005
https://openalex.org/W2088603035,https://doi.org/10.1097/00001665-200101000-00015,CT-Based Size and Shape Determination of the Craniofacial Skeleton: A New Scoring System to Assess Bony Deformities in Hemifacial Microsomia,2001,article,Journal of Craniofacial Surgery,True,https://doi.org/10.1097/00001665-200101000-00015
https://openalex.org/W2000497187,https://doi.org/10.1097/00001665-199304000-00003,Effects of Skeletal Fixation on Craniofacial Imaging,1993,article,Journal of Craniofacial Surgery,False,https://doi.org/10.1097/00001665-199304000-00003
https://openalex.org/W2047302557,https://doi.org/10.1016/s0278-2391(10)80227-7,Application of microfixation techniques in reconstructive maxillofacial surgery,1991,article,Journal of Oral and Maxillofacial Surgery,False,https://doi.org/10.1016/s0278-2391(10)80227-7
https://openalex.org/W2050857725,https://doi.org/10.1016/s0278-2391(10)80506-3,Enhancement of repair in experimental calvarial bone defects using calcium sulfate and dextran beads,1993,article,Journal of Oral and Maxillofacial Surgery,False,https://doi.org/10.1016/s0278-2391(10)80506-3
https://openalex.org/W2025868789,https://doi.org/10.1016/s0901-5027(89)80017-7,Facial nerve graft repair: suture versus laser-assisted anastomosis,1989,article,International Journal of Oral and Maxillofacial Surgery,False,https://doi.org/10.1016/s0901-5027(89)80017-7
https://openalex.org/W1964137331,https://doi.org/10.1016/0278-2391(90)90181-z,Experimental effects of graft revascularization and consistency on cervicofacial fat transplant survival,1990,article,Journal of Oral and Maxillofacial Surgery,False,https://doi.org/10.1016/0278-2391(90)90181-z
https://openalex.org/W2077411477,https://doi.org/10.1097/scs.0b013e3180684933,Bioabsorbable Plate and Screw Fixation in Orthognathic Surgery,2007,article,Journal of Craniofacial Surgery,False,https://doi.org/10.1097/scs.0b013e3180684933
https://openalex.org/W2462824319,https://doi.org/10.1097/01.prs.0000475786.60069.a3,Utility of Tongue Stitch and Nasal Trumpet in the Immediate Postoperative Outcome of Cleft Palatoplasty,2016,article,Plastic & Reconstructive Surgery,False,https://doi.org/10.1097/01.prs.0000475786.60069.a3
https://openalex.org/W2041708142,https://doi.org/10.1097/00000637-199108000-00010,Obstructive Congenital Epulis in a Newborn,1991,article,Annals of Plastic Surgery,False,https://doi.org/10.1097/00000637-199108000-00010
https://openalex.org/W4254398701,https://doi.org/10.1597/1545-1569(1993)030<0164:eeobpi>2.3.co;2,Experimental Effects of Bone Plating in Infancy on Craniomaxillofacial Skeletal Growth,1993,article,The Cleft Palate-Craniofacial Journal,False,https://doi.org/10.1597/1545-1569(1993)030<0164:eeobpi>2.3.co;2
https://openalex.org/W2056695474,https://doi.org/10.1097/00001665-200301000-00015,Hydroxyapatite Cranioplasty: I. Experimental Results From a New Quick-Setting Material,2003,article,Journal of Craniofacial Surgery,False,https://doi.org/10.1097/00001665-200301000-00015
https://openalex.org/W2074025969,https://doi.org/10.1016/s0278-2391(86)80053-2,Secondary management of the premaxilla in bilateral cleft lip and palate patients,1986,article,Journal of Oral and Maxillofacial Surgery,False,https://doi.org/10.1016/s0278-2391(86)80053-2
https://openalex.org/W1980623543,https://doi.org/10.1016/0278-2391(90)90344-2,Cutaneous approaches to the orbital skeleton and periorbital structures,1990,review,Journal of Oral and Maxillofacial Surgery,False,https://doi.org/10.1016/0278-2391(90)90344-2
https://openalex.org/W4412993027,https://doi.org/10.1016/j.cps.2025.06.010,Body Contouring in Gender-Affirming Care,2025,article,Clinics in Plastic Surgery,False,https://doi.org/10.1016/j.cps.2025.06.010
https://openalex.org/W2095372877,https://doi.org/10.1097/00001665-199807000-00013,Amniotic Band Facies,1998,article,Journal of Craniofacial Surgery,False,https://doi.org/10.1097/00001665-199807000-00013
https://openalex.org/W1976362697,https://doi.org/10.1007/bf00453878,HTR� polymer facial implants: A five-year clinical experience,1995,article,Aesthetic Plastic Surgery,False,https://doi.org/10.1007/bf00453878
https://openalex.org/W2092600211,https://doi.org/10.1097/00000637-199610000-00006,A Comparative Biomechanical Analysis of Resorbable Rigid Fixation versus Titanium Rigid Fixation of Metacarpal Fractures,1996,article,Annals of Plastic Surgery,False,https://doi.org/10.1097/00000637-199610000-00006
https://openalex.org/W2026097525,https://doi.org/10.1097/00001665-200503000-00027,Donor Site Morbidity of Rib Graft Harvesting in Primary Alveolar Cleft Bone Grafting,2005,article,Journal of Craniofacial Surgery,False,https://doi.org/10.1097/00001665-200503000-00027
https://openalex.org/W2065628766,https://doi.org/10.1097/01.scs.0000157311.85161.e8,Surgical Technique for Primary Alveolar Bone Grafting,2005,article,Journal of Craniofacial Surgery,False,https://doi.org/10.1097/01.scs.0000157311.85161.e8
https://openalex.org/W1996227632,https://doi.org/10.1097/00001665-200603000-00007,Application of the Spanning Plate Concept to Frontal Orbital Advancement,2006,article,Journal of Craniofacial Surgery,False,https://doi.org/10.1097/00001665-200603000-00007
https://openalex.org/W2052571793,https://doi.org/10.1097/00001665-199901000-00012,Primary Alveolar Cleft Bone Grafting in Unilateral Cleft Lip and Palate,1999,article,Journal of Craniofacial Surgery,False,https://doi.org/10.1097/00001665-199901000-00012
https://openalex.org/W2066469656,https://doi.org/10.1016/s0278-2391(99)90726-7,Biomechanical testing of resorbable screws used for mandibular sagittal split osteotomies,1999,article,Journal of Oral and Maxillofacial Surgery,False,https://doi.org/10.1016/s0278-2391(99)90726-7
https://openalex.org/W2067839851,https://doi.org/10.1097/00000637-199209000-00013,Philtral Fistula in Median Cleft Lip: Cause and Effect or Coincidence?,1992,article,Annals of Plastic Surgery,False,https://doi.org/10.1097/00000637-199209000-00013
https://openalex.org/W4300506785,https://doi.org/10.1016/s0094-1298(20)32355-5,Correction Of Secondary Cleft Lip And Nasal Deformities,1993,article,Clinics in Plastic Surgery,False,https://doi.org/10.1016/s0094-1298(20)32355-5
https://openalex.org/W1988303698,https://doi.org/10.1067/maj.2000.109553,Revascularization of acellular human dermis (alloderm) in subcutaneous implantation,2000,article,Aesthetic Surgery Journal,True,https://doi.org/10.1067/maj.2000.109553
https://openalex.org/W2070824348,https://doi.org/10.1597/04-055.1,Treatment of Nasopharyngeal Stenosis by Prosthetic Hollow Stents: Clinical Experience in Eight Patients,2006,article,The Cleft Palate-Craniofacial Journal,False,https://doi.org/10.1597/04-055.1
https://openalex.org/W2086238467,https://doi.org/10.1016/j.jpedsurg.2004.04.031,Novel use of acellular dermal matrix in the formation of a bioprosthetic silo for giant omphalocele coverage,2004,article,Journal of Pediatric Surgery,False,https://doi.org/10.1016/j.jpedsurg.2004.04.031
https://openalex.org/W2078076538,https://doi.org/10.1097/00000637-199507000-00002,Comparative Biomechanical Stability of Titanium Bone Fixation Systems in Metacarpal Fractures,1995,article,Annals of Plastic Surgery,False,https://doi.org/10.1097/00000637-199507000-00002
https://openalex.org/W1971392907,https://doi.org/10.1097/00001665-200101000-00007,Compartmentalized Bone Regeneration of Cranial Defects with Biodegradable Barriers: An Animal Model,2001,article,Journal of Craniofacial Surgery,True,https://doi.org/10.1097/00001665-200101000-00007
https://openalex.org/W2047559837,https://doi.org/10.1016/0278-2391(91)90133-7,Computerized digital enhancement in craniofacial cephalometric radiography,1991,article,Journal of Oral and Maxillofacial Surgery,False,https://doi.org/10.1016/0278-2391(91)90133-7
https://openalex.org/W2775873736,https://doi.org/10.1016/s0022-3468(98)90419-5,Pediatric plastic surgery,1998,article,Journal of Pediatric Surgery,False,https://doi.org/10.1016/s0022-3468(98)90419-5
https://openalex.org/W2080760481,https://doi.org/10.1097/00001665-200201000-00006,Craniofacial Impalement Injury: A Rake in the Face,2002,article,Journal of Craniofacial Surgery,False,https://doi.org/10.1097/00001665-200201000-00006
https://openalex.org/W4247763420,https://doi.org/10.1597/1545-1569_1990_027_0225_aeocai_2.3.co_2,An Evaluation of Calvarial and Iliac Donor Sites in Alveolar Cleft Grafting,1990,article,Cleft Palate Journal,False,https://doi.org/10.1597/1545-1569_1990_027_0225_aeocai_2.3.co_2
https://openalex.org/W2055673481,https://doi.org/10.1016/0278-2391(86)90167-9,An animal model for advanced microsurgical training,1986,article,Journal of Oral and Maxillofacial Surgery,False,https://doi.org/10.1016/0278-2391(86)90167-9
https://openalex.org/W4253898650,https://doi.org/10.1016/s1071-0949(03)90004-7,Alloplastic cranioplasty,2002,article,Operative Techniques in Plastic and Reconstructive Surgery,False,https://doi.org/10.1016/s1071-0949(03)90004-7
https://openalex.org/W2074224128,https://doi.org/10.1097/00001665-200603000-00021,Stability of Craniofacial PLLA/PGA Copolymer Bioabsorbable Screws,2006,article,Journal of Craniofacial Surgery,False,https://doi.org/10.1097/00001665-200603000-00021
https://openalex.org/W2027475602,https://doi.org/10.1097/01.scs.0000200412.60701.e3,A Resorbable Rivet System for Pediatric Craniofacial Surgery: Biomechanical Testing and Clinical Experience,2006,article,Journal of Craniofacial Surgery,False,https://doi.org/10.1097/01.scs.0000200412.60701.e3
https://openalex.org/W2004700762,https://doi.org/10.1097/00006534-199807000-00041,Resorbable Screw Fixation Technique for Endoscopic Brow and Midfacial Lifts,1998,article,Plastic & Reconstructive Surgery,False,https://doi.org/10.1097/00006534-199807000-00041
https://openalex.org/W2014740851,https://doi.org/10.1097/00001665-199703000-00012,Potential for Guided Bone Regeneration and Bone Graft Fixation With Resorbable Membranes in Pediatric Craniofacial Surgery,1997,article,Journal of Craniofacial Surgery,False,https://doi.org/10.1097/00001665-199703000-00012
https://openalex.org/W2028223852,https://doi.org/10.1097/00001665-199707000-00010,Acrocephalosyndactyly Syndromes,1997,review,Journal of Craniofacial Surgery,False,https://doi.org/10.1097/00001665-199707000-00010
https://openalex.org/W1999888570,https://doi.org/10.1097/00001665-200011030-00005,A Resorbable and Rapid Method for Maxillomandibular Fixation in Pediatric Mandible Fractures,2000,article,Journal of Craniofacial Surgery,False,https://doi.org/10.1097/00001665-200011030-00005
https://openalex.org/W2015034481,https://doi.org/10.1097/00001665-199112000-00002,Hemifacial Microsomia,1991,article,Journal of Craniofacial Surgery,False,https://doi.org/10.1097/00001665-199112000-00002
https://openalex.org/W2079683765,https://doi.org/10.1016/0278-2391(88)90179-6,Surgical treatment of internal derangements of the temporomandibular joint: Evaluation of two techniques,1988,article,Journal of Oral and Maxillofacial Surgery,False,https://doi.org/10.1016/0278-2391(88)90179-6
https://openalex.org/W2083752880,https://doi.org/10.1097/00001665-200301000-00018,Large Osteomas of the Cranial Vault,2003,article,Journal of Craniofacial Surgery,False,https://doi.org/10.1097/00001665-200301000-00018
https://openalex.org/W1992129928,https://doi.org/10.1016/0278-2391(86)90076-5,Radiographic and surgical evaluation of internal derangements of the temporomandibular joint,1986,article,Journal of Oral and Maxillofacial Surgery,False,https://doi.org/10.1016/0278-2391(86)90076-5
https://openalex.org/W2009997945,https://doi.org/10.1016/s1010-5182(89)80107-6,Single stage repair of the median cleft lip deformity in holoprosencephaly,1989,article,Journal of Cranio-Maxillofacial Surgery,False,https://doi.org/10.1016/s1010-5182(89)80107-6
https://openalex.org/W2062056547,https://doi.org/10.1055/s-2007-1006822,"Total Scalp Ear, and Eyebrow Avulsion: Aesthetic Adjustment of the Replanted Tissue",1990,article,Journal of Reconstructive Microsurgery,False,https://doi.org/10.1055/s-2007-1006822
https://openalex.org/W1981202468,https://doi.org/10.1016/j.asj.2003.10.002,Easing Botox administration with EMLA cream,2004,article,Aesthetic Surgery Journal,True,https://doi.org/10.1016/j.asj.2003.10.002
https://openalex.org/W2982228963,https://doi.org/10.1055/s-0039-1697962,Forehead/Brow Reduction or Augmentation with Custom Implants for Enhanced Facial Profileplasty,2019,article,Facial Plastic Surgery,False,https://doi.org/10.1055/s-0039-1697962
https://openalex.org/W2411001225,,Correction of secondary cleft lip and nasal deformities.,1993,article,PubMed,False,https://pubmed.ncbi.nlm.nih.gov/8275641
https://openalex.org/W2056540743,https://doi.org/10.1097/00001665-199001040-00008,Effects of Material Porosity on Implant Bonding Strength in a Craniofacial Model,1990,article,Journal of Craniofacial Surgery,False,https://doi.org/10.1097/00001665-199001040-00008
https://openalex.org/W2059202921,https://doi.org/10.1097/00001665-200301000-00016,Long-Spanning Resorbable Plates in Cranial Vault Reconstruction,2003,article,Journal of Craniofacial Surgery,False,https://doi.org/10.1097/00001665-200301000-00016
https://openalex.org/W1966097797,https://doi.org/10.1097/01.scs.0000229554.27823.fa,The Effect of High Temperature Intraoperative Molding on Bioabsorbable PLLA-PGA Craniofacial Fixation,2006,article,Journal of Craniofacial Surgery,False,https://doi.org/10.1097/01.scs.0000229554.27823.fa
https://openalex.org/W2006518605,https://doi.org/10.1097/scs.0b013e318052fdeb,An Experimental Study of Heat Adaptation of Bioabsorbable Craniofacial Meshes and Plates,2007,article,Journal of Craniofacial Surgery,False,https://doi.org/10.1097/scs.0b013e318052fdeb
https://openalex.org/W2054872166,https://doi.org/10.1097/01.scs.0000246733.46353.2a,In Vitro Characteristics of a Bioabsorbable Suspension Screw and Suture System for Endoscopic Brow Lift Surgery,2007,article,Journal of Craniofacial Surgery,False,https://doi.org/10.1097/01.scs.0000246733.46353.2a
https://openalex.org/W2094089506,https://doi.org/10.1097/00006534-199405000-00007,Systemic Effects of Photothermolysis of Large Port-Wine Stains in Infants and Children,1994,article,Plastic & Reconstructive Surgery,False,https://doi.org/10.1097/00006534-199405000-00007
https://openalex.org/W1520351567,https://doi.org/10.1016/s0094-1298(20)31146-9,Pediatric Plastic Surgery,1996,article,Clinics in Plastic Surgery,False,https://doi.org/10.1016/s0094-1298(20)31146-9
https://openalex.org/W1966142743,https://doi.org/10.1016/0278-2391(92)90504-s,Mental neuropathy as a sign of distant malignancy: Report of cases,1992,article,Journal of Oral and Maxillofacial Surgery,False,https://doi.org/10.1016/0278-2391(92)90504-s
https://openalex.org/W2037354549,https://doi.org/10.1097/00000637-199405000-00004,A Potential Biomaterial Composite for Dermal and Subcutaneous Augmentation,1994,article,Annals of Plastic Surgery,False,https://doi.org/10.1097/00000637-199405000-00004
https://openalex.org/W2051823074,https://doi.org/10.1097/00001665-199901000-00013,Primary Alveolar Cleft Bone Grafting in Unilateral Cleft Lip and Palate,1999,article,Journal of Craniofacial Surgery,False,https://doi.org/10.1097/00001665-199901000-00013
https://openalex.org/W2021294286,https://doi.org/10.1016/s0300-9785(84)80026-5,Oro-nasal fistula secondary to maxillary augmentation,1984,article,International Journal of Oral Surgery,False,https://doi.org/10.1016/s0300-9785(84)80026-5
https://openalex.org/W2060029703,https://doi.org/10.1016/s0901-5027(87)80061-9,Evaluation and surgical correction of the facial skeletal deformity in Hallermann-Streiff syndrome,1987,article,International Journal of Oral and Maxillofacial Surgery,False,https://doi.org/10.1016/s0901-5027(87)80061-9
https://openalex.org/W2041603650,https://doi.org/10.1097/00001665-200503000-00008,Antibiotic Elution from Hydroxyapatite Cement Cranioplasty Materials,2005,article,Journal of Craniofacial Surgery,False,https://doi.org/10.1097/00001665-200503000-00008
https://openalex.org/W2038409917,https://doi.org/10.1097/00001665-199903000-00004,Craniofacial Correction of Giant Frontoethmoidal Encephalomeningocele,1999,article,Journal of Craniofacial Surgery,False,https://doi.org/10.1097/00001665-199903000-00004
https://openalex.org/W2025974424,https://doi.org/10.1097/00001665-199102020-00007,Microscrew Anchorage Techniques in Craniofacial Surgery,1991,article,Journal of Craniofacial Surgery,False,https://doi.org/10.1097/00001665-199102020-00007
https://openalex.org/W2055173167,https://doi.org/10.1016/0278-2391(89)90229-2,Effect of different surgical repair modalities on regeneration of the rabbit mandibular nerve,1989,article,Journal of Oral and Maxillofacial Surgery,False,https://doi.org/10.1016/0278-2391(89)90229-2
https://openalex.org/W2029544016,https://doi.org/10.1016/s0901-5027(88)80064-x,Bilateral nasopalatine ducts of the premaxilla,1988,article,International Journal of Oral and Maxillofacial Surgery,False,https://doi.org/10.1016/s0901-5027(88)80064-x
https://openalex.org/W2088682462,https://doi.org/10.1097/01.scs.0000157248.24203.85,Craniosynostosis Anomalies in Twins,2005,article,Journal of Craniofacial Surgery,False,https://doi.org/10.1097/01.scs.0000157248.24203.85
https://openalex.org/W2933319340,https://doi.org/10.1055/s-0039-1683866,Mandibular Angle Implants,2019,article,Facial Plastic Surgery,False,https://doi.org/10.1055/s-0039-1683866
https://openalex.org/W2079666622,https://doi.org/10.1016/s0278-2391(89)80074-6,Surgical repair of defects in the rabbit temporomandibular joint disc: A comparison of various techniques,1989,article,Journal of Oral and Maxillofacial Surgery,False,https://doi.org/10.1016/s0278-2391(89)80074-6
https://openalex.org/W2081749265,https://doi.org/10.1097/00001665-200209000-00016,Compartmentalized Bone Regeneration of Cranial Defects With Biodegradable Barriers–Effects of Calcium Sodium Phosphate Surface Coatings on LactoSorb®,2002,article,Journal of Craniofacial Surgery,False,https://doi.org/10.1097/00001665-200209000-00016
https://openalex.org/W2088073012,https://doi.org/10.1097/00001665-200205000-00007,Re: Mandibular Ameloblastoma: Analysis of Surgical Treatment Carried Out in 60 Patients Between 1977 and 1998.,2002,article,Journal of Craniofacial Surgery,False,https://doi.org/10.1097/00001665-200205000-00007
https://openalex.org/W2078258268,https://doi.org/10.1097/00001665-200101000-00023,"Influence of Cranioplasty on Postural Blood Flow Regulation, Cerebrovascular Reserve Capacity, and Cerebral Glucose Metabolism",2001,article,Journal of Craniofacial Surgery,True,https://doi.org/10.1097/00001665-200101000-00023
https://openalex.org/W2981368867,https://doi.org/10.1055/s-0039-1695750,Chin Reshaping in Profileplasty: Augmentative and Reductive Strategies,2019,article,Facial Plastic Surgery,False,https://doi.org/10.1055/s-0039-1695750
https://openalex.org/W2502777179,https://doi.org/10.1016/b978-1-4377-2420-2.00020-9,Reconstruction of Large Hard and Soft Tissue Loss of the Face,2012,book-chapter,Elsevier eBooks,False,https://doi.org/10.1016/b978-1-4377-2420-2.00020-9
https://openalex.org/W2017427278,https://doi.org/10.1016/s0278-2391(89)80023-0,Reduction in injection pain by buffering of local anesthetic solutions,1989,article,Journal of Oral and Maxillofacial Surgery,False,https://doi.org/10.1016/s0278-2391(89)80023-0
https://openalex.org/W2069185865,https://doi.org/10.1097/00001665-200207000-00015,The Effect of Therapeutic Irradiation on LactoSorb® Absorbable Copolymer,2002,article,Journal of Craniofacial Surgery,False,https://doi.org/10.1097/00001665-200207000-00015
https://openalex.org/W3142573697,https://doi.org/10.1016/b978-0-323-02842-4.50054-1,Cleft Lip and Palate,2006,book-chapter,Elsevier eBooks,False,https://doi.org/10.1016/b978-0-323-02842-4.50054-1
https://openalex.org/W2016285843,https://doi.org/10.1097/00001665-199509000-00026,Unusual Cranial Aspects of the Apert Syndrome,1995,article,Journal of Craniofacial Surgery,False,https://doi.org/10.1097/00001665-199509000-00026
https://openalex.org/W1998606471,https://doi.org/10.1097/00001665-200011040-00014,Distraction Lengthening of the Mandibular Costochondral Graft: A Precautionary Note,2000,article,Journal of Craniofacial Surgery,False,https://doi.org/10.1097/00001665-200011040-00014
https://openalex.org/W2024856624,https://doi.org/10.1016/0278-2391(85)90192-2,Use of prophylactic antibiotics in temporomandibular joint surgery,1985,article,Journal of Oral and Maxillofacial Surgery,False,https://doi.org/10.1016/0278-2391(85)90192-2
https://openalex.org/W2047710004,https://doi.org/10.1097/00006534-200301000-00002,"A Long-Term Retrospective Outcome Assessment of Facial Growth, Secondary Surgical Need, and Maxillary Lateral Incisor Status in a Surgical-Orthodontic Protocol for Complete Clefts; Sheldon W. Rosenstein, D.D.S., Mitchell Grasseschi, M.D., and Diane V. Dado, M.D.",2003,article,Plastic & Reconstructive Surgery,False,https://doi.org/10.1097/00006534-200301000-00002
https://openalex.org/W1981970956,https://doi.org/10.1097/00001665-200403000-00012,An Unusual Traumatic Fracture of the Mandibular Symphysis Resembling Horizontal Osteotomy for Genioplasty.,2004,article,Journal of Craniofacial Surgery,False,https://doi.org/10.1097/00001665-200403000-00012
https://openalex.org/W2506775611,https://doi.org/10.1016/b978-1-4377-2420-2.00001-5,Etiology and Prevention of Craniomaxillofacial Trauma,2012,book-chapter,Elsevier eBooks,False,https://doi.org/10.1016/b978-1-4377-2420-2.00001-5
https://openalex.org/W2060729949,https://doi.org/10.1097/00000637-199611000-00004,A Biomechanical Analysis of the Stability of Titanium Bone Fixation Systems in Proximal Phalangeal Fractures,1996,article,Annals of Plastic Surgery,False,https://doi.org/10.1097/00000637-199611000-00004
https://openalex.org/W2053713992,https://doi.org/10.1097/00001665-200107000-00010,Free Fibular Flap Reconstruction in Mandibular Osteopetrosis,2001,article,Journal of Craniofacial Surgery,False,https://doi.org/10.1097/00001665-200107000-00010
https://openalex.org/W2003983481,https://doi.org/10.1097/00001665-200403000-00031,Introduction of a Novel Internal Spring-Driven Craniofacial Bone Distraction Device,2004,article,Journal of Craniofacial Surgery,False,https://doi.org/10.1097/00001665-200403000-00031
https://openalex.org/W1972617479,https://doi.org/10.1097/00001665-199203000-00003,Effects of Nerve Growth Factor on Craniofacial Onlay Bone Graft Survival,1992,article,Journal of Craniofacial Surgery,False,https://doi.org/10.1097/00001665-199203000-00003
https://openalex.org/W1985900056,https://doi.org/10.1097/00006534-199407000-00024,Fibrous Hamartomas of the Scalp in Infancy,1994,article,Plastic & Reconstructive Surgery,False,https://doi.org/10.1097/00006534-199407000-00024
https://openalex.org/W2015404279,https://doi.org/10.1097/00001665-199307000-00020,"Classification and Treatment of Zygomatic Fractures: A Review of 1, 025 Cases",1993,review,Journal of Craniofacial Surgery,False,https://doi.org/10.1097/00001665-199307000-00020
https://openalex.org/W2071974343,https://doi.org/10.1097/00000637-199412000-00006,Mechanical Anastomosis of Nerves: A Histological and Functional Comparison to Conventional Suturing,1994,article,Annals of Plastic Surgery,False,https://doi.org/10.1097/00000637-199412000-00006
https://openalex.org/W2078384524,https://doi.org/10.1097/00000637-199210000-00002,The Epigastric Fat Transfer,1992,article,Annals of Plastic Surgery,False,https://doi.org/10.1097/00000637-199210000-00002
https://openalex.org/W1966271923,https://doi.org/10.5014/ajot.45.10.941,Mandibular Traction System for Adjunctive Management of Airway Insufficiency in Infants With Pierre Robin Malformation Sequence,1991,article,American Journal of Occupational Therapy,False,https://doi.org/10.5014/ajot.45.10.941
https://openalex.org/W1970303973,https://doi.org/10.1097/00006534-199112000-00018,Orbital Teratoma Associated with Trigonocephaly,1991,article,Plastic & Reconstructive Surgery,False,https://doi.org/10.1097/00006534-199112000-00018
https://openalex.org/W2079810734,https://doi.org/10.1097/00001665-199909000-00018,Cranial Procedures Without Hair Removal,1999,article,Journal of Craniofacial Surgery,False,https://doi.org/10.1097/00001665-199909000-00018
https://openalex.org/W2082529540,https://doi.org/10.1097/00000637-199607000-00006,Biomechanical Testing of Titanium Self-Tapping Versus Pretapped Lag Screw Fixation of Spiral Metacarpal Fractures,1996,article,Annals of Plastic Surgery,False,https://doi.org/10.1097/00000637-199607000-00006
https://openalex.org/W4239691334,https://doi.org/10.1097/00005392-199704000-00027,A Buccal Mucosal Harvesting Technique for Urethral Reconstruction,1997,article,The Journal of Urology,False,https://doi.org/10.1097/00005392-199704000-00027
https://openalex.org/W1985574850,https://doi.org/10.1016/s1071-0949(03)90007-2,Use of resorbable and screw fixation in pediatric craniofacial surgery,2002,article,Operative Techniques in Plastic and Reconstructive Surgery,False,https://doi.org/10.1016/s1071-0949(03)90007-2
https://openalex.org/W2017662035,https://doi.org/10.1097/00001665-200207000-00020,"Re: LeFort I Soft Tissue Distraction: A Hybrid Technique. Wong GB and Padwa BL. J Craniofac Surg 2002, 13: 572–576.",2002,article,Journal of Craniofacial Surgery,False,https://doi.org/10.1097/00001665-200207000-00020
https://openalex.org/W2015661164,https://doi.org/10.1097/00001665-200409000-00011,In Vitro Analysis of the Elution of Tobramycin From a Calcium Sulfate Bone Void Filler,2004,article,Journal of Craniofacial Surgery,False,https://doi.org/10.1097/00001665-200409000-00011
https://openalex.org/W2906962493,https://doi.org/10.1055/s-0038-1676463,Postoperative Care in Facial Implants,2018,article,Facial Plastic Surgery,False,https://doi.org/10.1055/s-0038-1676463
https://openalex.org/W2134654595,https://doi.org/10.1016/j.bjps.2014.08.010,Protective stenting for prevention of microvascular vascular pedicle compression,2014,letter,Journal of Plastic Reconstructive & Aesthetic Surgery,False,https://doi.org/10.1016/j.bjps.2014.08.010
https://openalex.org/W2081890108,https://doi.org/10.1097/00001665-199411000-00004,Mandibular Vascular Malformations,1994,article,Journal of Craniofacial Surgery,False,https://doi.org/10.1097/00001665-199411000-00004
https://openalex.org/W2032565501,https://doi.org/10.1016/0278-2391(85)90235-6,Thermoplastic material for intraoral stent fabrication,1985,article,Journal of Oral and Maxillofacial Surgery,False,https://doi.org/10.1016/0278-2391(85)90235-6
https://openalex.org/W2125000541,https://doi.org/10.1016/0278-2391(87)90446-0,Functional alveolar reconstruction in a patient with total mandibular replacement,1987,article,Journal of Oral and Maxillofacial Surgery,False,https://doi.org/10.1016/0278-2391(87)90446-0
https://openalex.org/W2414315232,https://doi.org/10.1016/s0094-1298(20)32419-6,Pediatric Plastic Surgery Revisited,2001,article,Clinics in Plastic Surgery,False,https://doi.org/10.1016/s0094-1298(20)32419-6
https://openalex.org/W2501697886,https://doi.org/10.1016/b978-1-4377-2420-2.00008-8,Alloplastic Biomaterials for Facial Reconstruction,2012,book-chapter,Elsevier eBooks,False,https://doi.org/10.1016/b978-1-4377-2420-2.00008-8
https://openalex.org/W2068435080,https://doi.org/10.1097/00006534-199206000-00025,Commissure Stabilization Appliance in Facial Reanimation Surgery,1992,article,Plastic & Reconstructive Surgery,False,https://doi.org/10.1097/00006534-199206000-00025
https://openalex.org/W2007627589,https://doi.org/10.1097/00000637-200111000-00007,Bipedicle Fasciocutaneous Flaps for Inframalleolar Vascular Graft Coverage at the Ankle/Foot,2001,article,Annals of Plastic Surgery,False,https://doi.org/10.1097/00000637-200111000-00007
https://openalex.org/W2081943186,https://doi.org/10.1097/00001665-200401000-00003,Re: Cutaneous Distribution of Infraorbital Nerve.,2004,article,Journal of Craniofacial Surgery,False,https://doi.org/10.1097/00001665-200401000-00003
https://openalex.org/W4249657638,https://doi.org/10.1597/04-055r2.1,Treatment of Nasopharyngeal Stenosis by Prosthetic Hollow Stents: Clinical Experience in Eight Patients,2006,article,The Cleft Palate-Craniofacial Journal,False,https://doi.org/10.1597/04-055r2.1
https://openalex.org/W2808008712,https://doi.org/10.1007/978-1-4939-1532-3_9,Facial Implant Cosmetic Augmentation Using Digital Technologies,2018,book-chapter,Springer eBooks,False,https://doi.org/10.1007/978-1-4939-1532-3_9
https://openalex.org/W2022595500,https://doi.org/10.1016/s0278-2391(97)90357-8,A simplified technique for harvesting large buccal mucosal grafts,1997,article,Journal of Oral and Maxillofacial Surgery,False,https://doi.org/10.1016/s0278-2391(97)90357-8
https://openalex.org/W2529525331,https://doi.org/10.3138/9781442671508-029,25. Hard and Soft Connective Tissue Growth and Repair in Response to Charged Surfaces,1991,book-chapter,University of Toronto Press eBooks,False,https://doi.org/10.3138/9781442671508-029
https://openalex.org/W2008800293,https://doi.org/10.1097/01.prs.0000033106.56710.c6,Salvage of facial reanimation with vascularized adductor magnus muscle flap: clinical experience and anatomical studies.,2002,article,PubMed,False,https://pubmed.ncbi.nlm.nih.gov/12447051
https://openalex.org/W4235483769,https://doi.org/10.1097/00006534-200212000-00011,Salvage of Facial Reanimation with Vascularized Adductor Magnus Muscle Flap: Clinical Experience and Anatomical Studies,2002,article,Plastic & Reconstructive Surgery,False,https://doi.org/10.1097/00006534-200212000-00011
https://openalex.org/W2200222062,https://doi.org/10.1016/j.bjps.2015.09.018,Adjunctive liposuction for optimizing surgical access in the obese patient,2015,letter,Journal of Plastic Reconstructive & Aesthetic Surgery,False,https://doi.org/10.1016/j.bjps.2015.09.018
https://openalex.org/W2062299280,https://doi.org/10.1097/00001665-199307000-00018,The Surgical Correction of Frontoethmoidal Meningoencephaloceles,1993,article,Journal of Craniofacial Surgery,False,https://doi.org/10.1097/00001665-199307000-00018
https://openalex.org/W2082248134,https://doi.org/10.1097/00001665-199307000-00017,Intracranial Pressure and Intracranial Volume in Children with Craniosynostosis,1993,article,Journal of Craniofacial Surgery,False,https://doi.org/10.1097/00001665-199307000-00017
https://openalex.org/W1977072561,https://doi.org/10.1097/00001665-199001020-00002,Major Craniomaxillofacial Reconstruction Aided by Microsurgical Tissue Transfer,1990,review,Journal of Craniofacial Surgery,False,https://doi.org/10.1097/00001665-199001020-00002
https://openalex.org/W2012576131,https://doi.org/10.1097/00001665-199807000-00024,Endoscopic Craniectomy for Early Surgical Correction of Sagittal Craniosynostosis,1998,article,Journal of Craniofacial Surgery,False,https://doi.org/10.1097/00001665-199807000-00024
https://openalex.org/W2058677320,https://doi.org/10.1097/00006534-199906000-00026,Preventing Postoperative Noise in Saline Breast Implants,1999,article,Plastic & Reconstructive Surgery,False,https://doi.org/10.1097/00006534-199906000-00026
https://openalex.org/W1982983946,https://doi.org/10.1097/00006534-200009040-00033,The Use of Resorbable Spacers for Nasal Spreader Grafts,2000,article,Plastic & Reconstructive Surgery,False,https://doi.org/10.1097/00006534-200009040-00033
https://openalex.org/W1995704183,https://doi.org/10.1097/00001665-200101000-00017,Re: Producing a Full-Scale Model From Computed Tomographic Data with the Rapid Prototyping Technique Using the Binder Jet Method: A Comparison with the Laser Lithography Method Using a Dry Skull.,2001,letter,Journal of Craniofacial Surgery,True,https://doi.org/10.1097/00001665-200101000-00017
https://openalex.org/W2013945523,https://doi.org/10.1097/00001665-200311000-00018,Re: The Accuracy of Stereolithography in Planning Craniofacial Bone Replacement.,2003,letter,Journal of Craniofacial Surgery,False,https://doi.org/10.1097/00001665-200311000-00018
https://openalex.org/W2042453143,https://doi.org/10.1097/00001665-200309000-00042,Helmet Use: A Survey of 4 Common Childhood Leisure Activities,2003,article,Journal of Craniofacial Surgery,False,https://doi.org/10.1097/00001665-200309000-00042
https://openalex.org/W4231438431,https://doi.org/10.1053/joms.2001.21878,Discussion,2001,article,Journal of Oral and Maxillofacial Surgery,False,https://doi.org/10.1053/joms.2001.21878
https://openalex.org/W2494950209,https://doi.org/10.1016/b978-1-4377-2420-2.00006-4,Principles of Facial Soft Tissue Injury Repair,2012,book-chapter,Elsevier eBooks,False,https://doi.org/10.1016/b978-1-4377-2420-2.00006-4
https://openalex.org/W4229535294,https://doi.org/10.1016/b978-1-4377-2420-2.00009-x,Surgical Access,2012,book-chapter,Elsevier eBooks,False,https://doi.org/10.1016/b978-1-4377-2420-2.00009-x
https://openalex.org/W4238305880,https://doi.org/10.1016/b978-1-4377-2420-2.00022-2,Facial Burns,2012,book-chapter,Elsevier eBooks,False,https://doi.org/10.1016/b978-1-4377-2420-2.00022-2
https://openalex.org/W1973744645,https://doi.org/10.1055/s-2007-1006781,A Comparison of Human Recombinant Tissue-Type Plasminogen Activator and Urokinase in Microsurgical Thrombolysis in the Rat,1991,article,Journal of Reconstructive Microsurgery,False,https://doi.org/10.1055/s-2007-1006781
https://openalex.org/W2007459585,https://doi.org/10.1097/00001665-199705000-00024,Orbital Volumetric Analysis,1997,article,Journal of Craniofacial Surgery,False,https://doi.org/10.1097/00001665-199705000-00024
https://openalex.org/W2007634484,https://doi.org/10.1097/00001665-199112000-00013,Transoral Approach to the Nasopharynx and Clivus Using the LeFort I Osteotomy with Midpalatal Split,1991,article,Journal of Craniofacial Surgery,False,https://doi.org/10.1097/00001665-199112000-00013
https://openalex.org/W1987492545,https://doi.org/10.1016/s1043-1810(02)80061-6,Repair of midfacial fractures with resorbable plates and screws,2002,article,Operative Techniques in Otolaryngology-Head and Neck Surgery,False,https://doi.org/10.1016/s1043-1810(02)80061-6
https://openalex.org/W2051868315,https://doi.org/10.1016/s1043-1810(02)80063-x,Resorbable fixation techniques of mandible fractures in children,2002,article,Operative Techniques in Otolaryngology-Head and Neck Surgery,False,https://doi.org/10.1016/s1043-1810(02)80063-x
https://openalex.org/W1977919804,https://doi.org/10.1097/00001665-200405000-00013,Biomechanical Analysis of Hydroxyapatite Cement Cranioplasty.,2004,article,Journal of Craniofacial Surgery,False,https://doi.org/10.1097/00001665-200405000-00013
https://openalex.org/W2015324083,https://doi.org/10.1097/00001665-200409000-00027,"Re: Do We Need Three-Dimensional Computed Tomography in Maxillofacial Surgery? Klenk G, Kovacs A, J Craniofac Surg 2004;(vol):000-000.",2004,article,Journal of Craniofacial Surgery,False,https://doi.org/10.1097/00001665-200409000-00027
https://openalex.org/W2023418270,https://doi.org/10.1097/01.sap.0000168528.52998.48,Invited Discussion: A Comparison of Resistance to Fracture Among Four Commercially Available Forms of Hydroxyapatite Cement,2005,article,Annals of Plastic Surgery,False,https://doi.org/10.1097/01.sap.0000168528.52998.48
https://openalex.org/W2032760696,https://doi.org/10.1097/scs.0b013e3181b09a49,Nonorthodontic Orthognathic Surgery,2009,article,Journal of Craniofacial Surgery,False,https://doi.org/10.1097/scs.0b013e3181b09a49
https://openalex.org/W2000510292,https://doi.org/10.1097/00003086-199401000-00035,Negatively Charged Resins Stimulate Bone Formation in Subperiosteal Sites in Rats The Effect of Age,1994,article,Clinical Orthopaedics and Related Research,False,https://doi.org/10.1097/00003086-199401000-00035
https://openalex.org/W2052792257,https://doi.org/10.1097/00001665-199407000-00009,Cranial Reconstruction in Osteogenesis Imperfecta,1994,article,Journal of Craniofacial Surgery,False,https://doi.org/10.1097/00001665-199407000-00009
https://openalex.org/W2012767823,https://doi.org/10.1016/s1071-0949(99)80008-0,Auricular reconstruction after oncological resection,1999,article,Operative Techniques in Plastic and Reconstructive Surgery,False,https://doi.org/10.1016/s1071-0949(99)80008-0
https://openalex.org/W2032609572,https://doi.org/10.1097/00001665-200309000-00043,Re: Clinical Outcome in Cranioplasty: Critical Review in Long-term Follow-up.,2003,article,Journal of Craniofacial Surgery,False,https://doi.org/10.1097/00001665-200309000-00043
https://openalex.org/W2157360112,https://doi.org/10.1016/0278-2391(85)90013-8,Total mandibular replacement in a patient with Hand-Schüller-Christian disease,1985,article,Journal of Oral and Maxillofacial Surgery,False,https://doi.org/10.1016/0278-2391(85)90013-8
https://openalex.org/W1990717182,https://doi.org/10.1097/00001665-200101000-00016,Re: Periodontal Evaluation in Patients Undergoing Maxillary Expansion.,2001,letter,Journal of Craniofacial Surgery,True,https://doi.org/10.1097/00001665-200101000-00016
https://openalex.org/W2087072435,https://doi.org/10.1002/micr.1920160708,Sympathetic blockade of isolated rat hindlimbs by intra‐arterial guanethidine: The effect on blood flow and arterial‐venous shunting,1995,article,Microsurgery,False,https://doi.org/10.1002/micr.1920160708
https://openalex.org/W2127724314,https://doi.org/10.1016/0278-2391(92)90148-s,Use of postauricular skin grafts for vestibular reconstruction,1992,article,Journal of Oral and Maxillofacial Surgery,False,https://doi.org/10.1016/0278-2391(92)90148-s
https://openalex.org/W4242127836,https://doi.org/10.1597/1545-1569_1994_031_0031_eopabg_2.3.co_2,Effects of Primary Alveolar Bone Grafting on Maxillofacial Development in the Rabbit,1994,article,The Cleft Palate-Craniofacial Journal,False,https://doi.org/10.1597/1545-1569_1994_031_0031_eopabg_2.3.co_2
https://openalex.org/W2035181718,https://doi.org/10.1097/00001665-200401000-00009,"Re: A Dynamic Method for Stabilizing Intraoral Skin Grafts That Is Simple, Inexpensive, and Effective.",2004,article,Journal of Craniofacial Surgery,False,https://doi.org/10.1097/00001665-200401000-00009
https://openalex.org/W2074576069,https://doi.org/10.1097/00001665-200409000-00034,Re: Outer Table Craniotomy for Frontal Sinus Mucocele.,2004,article,Journal of Craniofacial Surgery,False,https://doi.org/10.1097/00001665-200409000-00034
https://openalex.org/W2093985117,https://doi.org/10.1097/00001665-200409000-00038,Re: Treatment of Temporomandibular Joint Ankylosis in Children: Is it Necessary to Perform Mandibular Distraction Simultaneously?,2004,article,Journal of Craniofacial Surgery,False,https://doi.org/10.1097/00001665-200409000-00038
https://openalex.org/W4225659252,https://doi.org/10.1093/asj/sjac064,Evolving Clinical Experiences in Aesthetic Hip Implant Body Contouring,2022,article,Aesthetic Surgery Journal,False,https://doi.org/10.1093/asj/sjac064
https://openalex.org/W4234331427,https://doi.org/10.1097/00001665-200503000-00025,Discussion,2005,article,Journal of Craniofacial Surgery,False,https://doi.org/10.1097/00001665-200503000-00025
https://openalex.org/W4283391798,https://doi.org/10.1177/07488068221101229,Concepts in Hip Implant Body Contouring: Patient Evaluation &amp; Implant Fabrication,2022,article,The American Journal of Cosmetic Surgery,False,https://doi.org/10.1177/07488068221101229
https://openalex.org/W1965491749,https://doi.org/10.1097/00001665-199905000-00019,The Role of Latency in Mandibular Osteodistraction,1999,article,Journal of Craniofacial Surgery,False,https://doi.org/10.1097/00001665-199905000-00019
https://openalex.org/W2010303616,https://doi.org/10.1016/s1071-0949(97)80005-4,Lobule repositioning in aesthetic otoplasty,1997,article,Operative Techniques in Plastic and Reconstructive Surgery,False,https://doi.org/10.1016/s1071-0949(97)80005-4
https://openalex.org/W2012640982,https://doi.org/10.1097/00001665-199711000-00019,Criteria for Selective Management of the Orbital Rim and Floor in Zygomatic Complex and Midface Fractures,1997,article,Journal of Craniofacial Surgery,False,https://doi.org/10.1097/00001665-199711000-00019
https://openalex.org/W4245277338,https://doi.org/10.1016/s0278-2391(97)90066-5,A bioabsorbable poly-l-lactide miniplate and screw system for osteosynthesis in oral and maxillofacial surgery,1997,article,Journal of Oral and Maxillofacial Surgery,False,https://doi.org/10.1016/s0278-2391(97)90066-5
https://openalex.org/W1972457456,https://doi.org/10.1097/00001665-199605000-00017,Fixation of Vascularized Bone Grafts,1996,article,Journal of Craniofacial Surgery,False,https://doi.org/10.1097/00001665-199605000-00017
https://openalex.org/W1972820531,https://doi.org/10.1016/0278-2391(89)90670-8,Evaluation of HTR polymer as a craniomaxillofacial graft material,1989,article,Journal of Oral and Maxillofacial Surgery,False,https://doi.org/10.1016/0278-2391(89)90670-8
https://openalex.org/W2025030320,https://doi.org/10.1016/0278-2391(89)90669-1,Bone growth and repair in the craniofacial skeleton in response to negatively charged bead material,1989,article,Journal of Oral and Maxillofacial Surgery,False,https://doi.org/10.1016/0278-2391(89)90669-1
https://openalex.org/W2047210874,https://doi.org/10.14219/jada.archive.1985.0371,Cavernous lymphangioma of the lip: report of case,1985,article,The Journal of the American Dental Association,False,https://doi.org/10.14219/jada.archive.1985.0371
https://openalex.org/W2074711509,https://doi.org/10.1097/00001665-199603000-00026,Effectiveness of Secondary Post-traumatic Periorbital Reconstruction,1996,article,Journal of Craniofacial Surgery,False,https://doi.org/10.1097/00001665-199603000-00026
https://openalex.org/W4206231999,https://doi.org/10.1097/00001665-199605000-00018,Fronto-Orbital Re-Operation in Craniosynostosis,1996,article,Journal of Craniofacial Surgery,False,https://doi.org/10.1097/00001665-199605000-00018
https://openalex.org/W1971767325,https://doi.org/10.1097/00001665-200101000-00025,Reconstruction of Bone Using Calcium Phosphate Bone Cements: A Critical Review,2001,review,Journal of Craniofacial Surgery,True,https://doi.org/10.1097/00001665-200101000-00025
https://openalex.org/W1973264822,https://doi.org/10.1097/00001665-200101000-00018,Re: Helmet Versus Nonhelmet Treatment in Nonsynostotic Positional Posterior Plagiocephaly.,2001,letter,Journal of Craniofacial Surgery,True,https://doi.org/10.1097/00001665-200101000-00018
https://openalex.org/W1995693139,https://doi.org/10.1097/00001665-200101000-00022,A New Distraction Device to Compare Continuous and Discontinuous Bone Distraction in Mini-Pigs: A Preliminary Report,2001,article,Journal of Craniofacial Surgery,False,https://doi.org/10.1097/00001665-200101000-00022
https://openalex.org/W2021843034,https://doi.org/10.1097/00001665-200101000-00021,Distraction Implants: A New Operative Technique for Alveolar Ridge Augmentation,2001,article,Journal of Craniofacial Surgery,True,https://doi.org/10.1097/00001665-200101000-00021
https://openalex.org/W2066443893,https://doi.org/10.1097/00001665-200107000-00014,Re: Deep Middle Masseteric Artery (dMMA) Attributed to Hemorrhage in Resection of Masseter Muscle and Mandibular Angle.,2001,article,Journal of Craniofacial Surgery,False,https://doi.org/10.1097/00001665-200107000-00014
https://openalex.org/W2077587514,https://doi.org/10.1097/00001665-200305000-00023,Re: Early Bone Grafting in Tessier Number 4 Cleft: A Case Report.,2003,article,Journal of Craniofacial Surgery,False,https://doi.org/10.1097/00001665-200305000-00023
https://openalex.org/W2095478131,https://doi.org/10.1097/01.prs.0000086366.51015.ee,"Intracapsular Allogenic Dermal Grafts for Breast Implant-Related Problems; Richard A. Baxter, M.D.",2003,article,Plastic & Reconstructive Surgery,False,https://doi.org/10.1097/01.prs.0000086366.51015.ee
https://openalex.org/W4243319125,https://doi.org/10.1053/joms.2001.27500,Discussion,2001,article,Journal of Oral and Maxillofacial Surgery,False,https://doi.org/10.1053/joms.2001.27500
https://openalex.org/W1986821560,https://doi.org/10.1597/1545-1569(1994)031<0031:eopabg>2.3.co;2,Effects of Primary Alveolar Bone Grafting on Maxillofacial Development in the Rabbit,1994,article,The Cleft Palate-Craniofacial Journal,False,https://doi.org/10.1597/1545-1569(1994)031<0031:eopabg>2.3.co;2
https://openalex.org/W2038160152,https://doi.org/10.1016/0278-2391(92)90094-g,Developmental significance of delayed closure of the mandibular symphysis,1992,review,Journal of Oral and Maxillofacial Surgery,False,https://doi.org/10.1016/0278-2391(92)90094-g
https://openalex.org/W2093082705,https://doi.org/10.1097/00001665-199402000-00010,Biomechanical Comparison of Wire Osteosynthesis Techniques in Craniofacial Surgery,1994,article,Journal of Craniofacial Surgery,False,https://doi.org/10.1097/00001665-199402000-00010
https://openalex.org/W1990530931,https://doi.org/10.1097/00001665-200011010-00013,Alloplastic Tumor of the Palate: View From the Operating Room,2000,article,Journal of Craniofacial Surgery,False,https://doi.org/10.1097/00001665-200011010-00013
https://openalex.org/W1996786103,https://doi.org/10.1097/00006534-200207000-00007,Discussion,2002,article,Plastic & Reconstructive Surgery,False,https://doi.org/10.1097/00006534-200207000-00007
https://openalex.org/W2018112195,https://doi.org/10.1097/00001665-200203000-00007,Re: Holding Power of Bioabsorbable Ciproflaxacin-Containing Self-Reinforced Poly -L/DL-Lactide 70/30 Bioactive Glass 13 Miniscrews in Human Cadaveric Bone.,2002,article,Journal of Craniofacial Surgery,False,https://doi.org/10.1097/00001665-200203000-00007
https://openalex.org/W2480070730,https://doi.org/10.1016/b978-1-4377-2420-2.00002-7,Medicolegal Implications of Facial Injuries,2012,book-chapter,Elsevier eBooks,False,https://doi.org/10.1016/b978-1-4377-2420-2.00002-7
https://openalex.org/W2486953673,https://doi.org/10.1016/b978-1-4377-2420-2.00026-x,Secondary Rhinoplasty for Traumatic Nasal Deformities,2012,book-chapter,Elsevier eBooks,False,https://doi.org/10.1016/b978-1-4377-2420-2.00026-x
https://openalex.org/W2500504218,https://doi.org/10.1016/b978-1-4377-2420-2.00019-2,Primary Repair of Facial Soft Tissue Injuries,2012,book-chapter,Elsevier eBooks,False,https://doi.org/10.1016/b978-1-4377-2420-2.00019-2
https://openalex.org/W4232293713,https://doi.org/10.1016/b978-1-4160-4081-1.50003-5,LIST OF CONTRIBUTORS,2009,book-chapter,Elsevier eBooks,False,https://doi.org/10.1016/b978-1-4160-4081-1.50003-5
https://openalex.org/W4234770552,https://doi.org/10.1016/b978-1-4377-2420-2.00036-2,Contributors,2012,book-chapter,Elsevier eBooks,False,https://doi.org/10.1016/b978-1-4377-2420-2.00036-2
https://openalex.org/W4235615933,https://doi.org/10.1016/b978-1-4160-4081-1.50050-3,Orthognathic Surgery,2009,book-chapter,Elsevier eBooks,False,https://doi.org/10.1016/b978-1-4160-4081-1.50050-3
https://openalex.org/W4240571452,https://doi.org/10.1016/b978-1-4377-2420-2.00013-1,Nasal Fractures,2012,book-chapter,Elsevier eBooks,False,https://doi.org/10.1016/b978-1-4377-2420-2.00013-1
https://openalex.org/W1519773127,https://doi.org/10.1007/978-1-4612-2140-1_16,Distraction of the Orbit,1999,book-chapter,Springer eBooks,False,https://doi.org/10.1007/978-1-4612-2140-1_16
https://openalex.org/W1965499697,https://doi.org/10.1097/00001665-199701000-00028,The Effectiveness of Papilledema as an Indicator of Raised Intracranial Pressure in Children with Craniosynostosis,1997,article,Journal of Craniofacial Surgery,False,https://doi.org/10.1097/00001665-199701000-00028
https://openalex.org/W1979022129,https://doi.org/10.1097/00001665-199705000-00021,A Combined Fronto-orbital and Occipital Advancement Technique for Use in Total Calvarial Reconstruction,1997,article,Journal of Craniofacial Surgery,False,https://doi.org/10.1097/00001665-199705000-00021
https://openalex.org/W2018500357,https://doi.org/10.1097/00001665-199701000-00027,Craniofacial Growth in Rabbits,1997,article,Journal of Craniofacial Surgery,False,https://doi.org/10.1097/00001665-199701000-00027
https://openalex.org/W2029575140,https://doi.org/10.1097/00001665-199711000-00021,Increased Bone Formation and Osteoblastic Cell Phenotype in Premature Cranial Suture Ossification (Craniosynostosis),1997,article,Journal of Craniofacial Surgery,False,https://doi.org/10.1097/00001665-199711000-00021
https://openalex.org/W2033007487,https://doi.org/10.1097/00001665-199807000-00025,Preoperative Anthropometric Dysmorphology in Metopic Synostosis,1998,article,Journal of Craniofacial Surgery,False,https://doi.org/10.1097/00001665-199807000-00025
https://openalex.org/W2036280475,https://doi.org/10.1097/00001665-199807000-00026,Submerged Intraoral Device for Mandibular Lengthening,1998,article,Journal of Craniofacial Surgery,False,https://doi.org/10.1097/00001665-199807000-00026
https://openalex.org/W2071634197,https://doi.org/10.1097/00001665-199705000-00023,Incidence of Increased Intracranial Pressure After Early Surgical Treatment of Syndromic Craniosynostosis,1997,article,Journal of Craniofacial Surgery,False,https://doi.org/10.1097/00001665-199705000-00023
https://openalex.org/W2077793900,https://doi.org/10.1097/00001665-199705000-00022,Intraorbital Tissue Expansion in the Management of Congenital Anophthalmos,1997,article,Journal of Craniofacial Surgery,False,https://doi.org/10.1097/00001665-199705000-00022
https://openalex.org/W4233173030,https://doi.org/10.3109/9781420016789-28,Mentoplasty,2007,book-chapter,CRC Press eBooks,False,https://doi.org/10.3109/9781420016789-28
https://openalex.org/W4253513549,https://doi.org/10.1016/b978-0-323-39393-5.00021-2,List of Contributors,2017,book-chapter,Elsevier eBooks,False,https://doi.org/10.1016/b978-0-323-39393-5.00021-2
https://openalex.org/W1963877308,https://doi.org/10.1016/s1071-0949(96)80023-0,Nonvascularized methods of mandible reconstruction,1996,article,Operative Techniques in Plastic and Reconstructive Surgery,False,https://doi.org/10.1016/s1071-0949(96)80023-0
https://openalex.org/W1972660730,https://doi.org/10.1097/00001665-199603000-00023,Planning Mandibular Distraction,1996,article,Journal of Craniofacial Surgery,False,https://doi.org/10.1097/00001665-199603000-00023
https://openalex.org/W2053001395,https://doi.org/10.1007/bf01578364,An improved draping method for otoplastic surgery,1990,article,Aesthetic Plastic Surgery,False,https://doi.org/10.1007/bf01578364
https://openalex.org/W2091668691,https://doi.org/10.1097/00001665-199605000-00020,Perspectives on Craniofacial Asymmetry,1996,article,Journal of Craniofacial Surgery,False,https://doi.org/10.1097/00001665-199605000-00020
https://openalex.org/W2127621088,https://doi.org/10.1016/0278-2391(90)90446-9,Use of bolsters for retention of facial sutures,1990,article,Journal of Oral and Maxillofacial Surgery,False,https://doi.org/10.1016/0278-2391(90)90446-9
https://openalex.org/W2057370935,https://doi.org/10.1097/00001665-199112000-00010,Craniofacial and Oral Manifestations of Fetal Alcohol Syndrome,1991,article,Journal of Craniofacial Surgery,False,https://doi.org/10.1097/00001665-199112000-00010
https://openalex.org/W2075956561,https://doi.org/10.1097/00001665-199511000-00007,Commentary on Polyglyconate Biodegradable Fixation,1995,article,Journal of Craniofacial Surgery,False,https://doi.org/10.1097/00001665-199511000-00007
https://openalex.org/W2081922013,https://doi.org/10.1007/bf00636272,Instrument technique in scalp dissection for tissue expander placement,1993,article,Aesthetic Plastic Surgery,False,https://doi.org/10.1007/bf00636272
https://openalex.org/W105173327,https://doi.org/10.1016/b978-84-8174-836-9.50002-x,Consecuencias medicolegales de las lesiones faciales,2005,book-chapter,Elsevier eBooks,False,https://doi.org/10.1016/b978-84-8174-836-9.50002-x
https://openalex.org/W131761628,https://doi.org/10.1016/b978-84-8174-836-9.50008-0,Biomateriales aloplásticos para reconstrucción facial,2005,book-chapter,Elsevier eBooks,False,https://doi.org/10.1016/b978-84-8174-836-9.50008-0
https://openalex.org/W135272195,https://doi.org/10.1016/b978-84-8174-836-9.50001-8,Etiología y prevención de los traumatismos craneomaxilofaciales,2005,book-chapter,Elsevier eBooks,False,https://doi.org/10.1016/b978-84-8174-836-9.50001-8
https://openalex.org/W13809798,https://doi.org/10.1016/b978-84-8174-836-9.50009-2,Acceso quirúrgico,2005,book-chapter,Elsevier eBooks,False,https://doi.org/10.1016/b978-84-8174-836-9.50009-2
https://openalex.org/W170093959,https://doi.org/10.1016/b978-84-8174-836-9.50013-4,Fracturas nasales,2005,book-chapter,Elsevier eBooks,False,https://doi.org/10.1016/b978-84-8174-836-9.50013-4
https://openalex.org/W188862693,https://doi.org/10.1016/b978-84-8174-836-9.50006-7,Principios de reparación de las lesiones faciales de tejidos blandos,2005,book-chapter,Elsevier eBooks,False,https://doi.org/10.1016/b978-84-8174-836-9.50006-7
https://openalex.org/W197141936,https://doi.org/10.1016/b978-84-8174-836-9.50026-2,Rinoplastia secundaria por deformidades nasales traumáticas,2005,book-chapter,Elsevier eBooks,False,https://doi.org/10.1016/b978-84-8174-836-9.50026-2
https://openalex.org/W2031708285,https://doi.org/10.1097/00001665-200405000-00035,Early Failure of Absorbable Plating in a Patient With Syndromic Brachycephaly.,2004,article,Journal of Craniofacial Surgery,False,https://doi.org/10.1097/00001665-200405000-00035
https://openalex.org/W2038468690,https://doi.org/10.1097/00001665-200403000-00025,Re: The Role of Trauma on Temporomandibular Joint Ankylosis and Mandibular Growth Retardation.,2004,article,Journal of Craniofacial Surgery,False,https://doi.org/10.1097/00001665-200403000-00025
https://openalex.org/W2049089590,https://doi.org/10.1097/00001665-200403000-00020,Re: Primary Posttraumatic Mandibular Reconstruction in Infancy: A 10-Year Follow-Up.,2004,article,Journal of Craniofacial Surgery,False,https://doi.org/10.1097/00001665-200403000-00020
https://openalex.org/W2052870600,https://doi.org/10.1097/00001665-200407000-00012,"Re: Comparing the Osteogenic Capacities of Bone Substitutes: Hydroxyapatite, High-Density Porous Polyethylene, and Bone Collagen.",2004,article,Journal of Craniofacial Surgery,False,https://doi.org/10.1097/00001665-200407000-00012
https://openalex.org/W2085151894,https://doi.org/10.1097/00001665-200407000-00032,Re: Successful Use of Biosorb Osteofixation Devices in 165 Cranial and Maxillofacial Cases: A Multicenter Report.,2004,article,Journal of Craniofacial Surgery,False,https://doi.org/10.1097/00001665-200407000-00032
https://openalex.org/W2230846863,,"3D osteotomy planning in maxillofacial surgery, including 3D soft tissue prediction",2005,article,,False,https://opus4.kobv.de/opus4-zib/frontdoor/index/index/docId/3874
https://openalex.org/W2497569025,https://doi.org/10.1016/b978-0-7216-0000-0.50049-9,Alloplastic Materials for Facial Reconstruction,2006,book-chapter,Elsevier eBooks,False,https://doi.org/10.1016/b978-0-7216-0000-0.50049-9
https://openalex.org/W42229056,https://doi.org/10.1016/b978-84-8174-836-9.50020-1,Reconstrucción de las pérdidas extensas de tejidos óseos o tejidos blandos de la cara,2005,book-chapter,Elsevier eBooks,False,https://doi.org/10.1016/b978-84-8174-836-9.50020-1
https://openalex.org/W4231559105,https://doi.org/10.1016/b978-84-8174-836-9.50035-3,,2005,book-chapter,Elsevier eBooks,False,https://doi.org/10.1016/b978-84-8174-836-9.50035-3
https://openalex.org/W4231728763,https://doi.org/10.1097/00001665-200501000-00005,Discussion,2005,article,Journal of Craniofacial Surgery,False,https://doi.org/10.1097/00001665-200501000-00005
https://openalex.org/W4235805364,https://doi.org/10.1597/04-0552.1,Treatment of Nasopharyngeal Stenosis by Prosthetic Hollow Stents: Clinical Experience in Eight Patients,2006,article,The Cleft Palate-Craniofacial Journal,False,https://doi.org/10.1597/04-0552.1
https://openalex.org/W4237823235,https://doi.org/10.1097/01.scs.0000180562.68362.56,Discussion,2005,article,Journal of Craniofacial Surgery,False,https://doi.org/10.1097/01.scs.0000180562.68362.56
https://openalex.org/W4241885584,https://doi.org/10.1597/04-055,Treatment Of Nasopharyngeal Stenosis By Prosthetic Hollow Stents: Clinical Experience in 8 Patients,2005,article,The Cleft Palate-Craniofacial Journal,False,https://doi.org/10.1597/04-055
https://openalex.org/W4242714206,https://doi.org/10.1097/00001665-200501000-00025,Discussion,2005,article,Journal of Craniofacial Surgery,False,https://doi.org/10.1097/00001665-200501000-00025
https://openalex.org/W4246238879,https://doi.org/10.1016/b978-0-323-02842-4.50001-2,Contributors,2006,book-chapter,Elsevier eBooks,False,https://doi.org/10.1016/b978-0-323-02842-4.50001-2
https://openalex.org/W4249418070,https://doi.org/10.1097/00001665-200501000-00038,Discussion,2005,article,Journal of Craniofacial Surgery,False,https://doi.org/10.1097/00001665-200501000-00038
https://openalex.org/W4252909965,https://doi.org/10.1097/01.scs.0000171960.09240.b8,Discussion,2005,article,Journal of Craniofacial Surgery,False,https://doi.org/10.1097/01.scs.0000171960.09240.b8
https://openalex.org/W65202679,https://doi.org/10.1016/b978-84-8174-836-9.50019-5,Reparación primaria de las lesiones de tejidos blandos faciales,2005,book-chapter,Elsevier eBooks,False,https://doi.org/10.1016/b978-84-8174-836-9.50019-5
https://openalex.org/W94689212,https://doi.org/10.1016/b978-84-8174-836-9.50022-5,Quemaduras faciales,2005,book-chapter,Elsevier eBooks,False,https://doi.org/10.1016/b978-84-8174-836-9.50022-5
https://openalex.org/W1965128577,https://doi.org/10.1097/00001665-200101000-00020,Long-Term Results of Nonsurgical Management of Condylar Fractures in Children,2001,article,Journal of Craniofacial Surgery,True,https://doi.org/10.1097/00001665-200101000-00020
https://openalex.org/W2008677256,https://doi.org/10.1097/00001665-200103000-00006,Re: Successful Mandibular Reconstruction Using a BMP Bioimplant.,2001,article,Journal of Craniofacial Surgery,False,https://doi.org/10.1097/00001665-200103000-00006
https://openalex.org/W2044099968,https://doi.org/10.1097/00001665-200109000-00003,Re: Surgical Buccinator Muscle Myotomy in Dentoskeletal Class II Alterations.,2001,article,Journal of Craniofacial Surgery,False,https://doi.org/10.1097/00001665-200109000-00003
https://openalex.org/W2060317013,https://doi.org/10.1097/00001665-200109000-00023,Hyaluron is Essential for the Expansion of Cranial Base Growth Plates,2001,article,Journal of Craniofacial Surgery,False,https://doi.org/10.1097/00001665-200109000-00023
https://openalex.org/W2071935008,https://doi.org/10.1097/00001665-200101000-00024,Neurocognitive Sequelae of Scaphocephaly,2001,article,Journal of Craniofacial Surgery,True,https://doi.org/10.1097/00001665-200101000-00024
https://openalex.org/W2079920191,https://doi.org/10.1097/00001665-200109000-00010,Re: Outcome Analysis for Correction of Single Suture Craniosynostosis Using Resorbable Fixation.,2001,article,Journal of Craniofacial Surgery,False,https://doi.org/10.1097/00001665-200109000-00010
https://openalex.org/W2614979642,https://doi.org/10.1055/s-2004-817708,Principles of Bone Healing and Optimal Methods of Bone Fixation in Head and Neck Reconstruction,2003,article,Seminars in Plastic Surgery,False,https://doi.org/10.1055/s-2004-817708
https://openalex.org/W4237443991,https://doi.org/10.1097/01.prs.0000038115.77278.6e,Discussion,2003,article,Plastic & Reconstructive Surgery,False,https://doi.org/10.1097/01.prs.0000038115.77278.6e
https://openalex.org/W1988718234,https://doi.org/10.1097/00001665-200201000-00027,Re: Closure of Critical Sized Defects with Allogeneic and Alloplastic Bone Substitutes.,2002,article,Journal of Craniofacial Surgery,False,https://doi.org/10.1097/00001665-200201000-00027
https://openalex.org/W2060759267,https://doi.org/10.1097/00001665-200209000-00019,Re: Use of New Bioabsorbable Tacks and a Tack-Shooter in Cranial Bone Osteofixation Saves Operative Time.,2002,article,Journal of Craniofacial Surgery,False,https://doi.org/10.1097/00001665-200209000-00019
https://openalex.org/W1972632431,https://doi.org/10.1097/00001665-199903000-00014,Cranial Vault Expansion Using Transcutaneously Activated Magnetic Implants,1999,article,Journal of Craniofacial Surgery,False,https://doi.org/10.1097/00001665-199903000-00014
https://openalex.org/W1982879505,https://doi.org/10.1097/00001665-199805000-00026,Acrylic Cranioplasty with Alginate Molding,1998,article,Journal of Craniofacial Surgery,False,https://doi.org/10.1097/00001665-199805000-00026
https://openalex.org/W1987903152,https://doi.org/10.1097/00001665-199809000-00010,Commentary on Surgical Outcomes Using Bioabsorbable Plating Systems in Pediatric Craniofacial Surgery,1998,article,Journal of Craniofacial Surgery,False,https://doi.org/10.1097/00001665-199809000-00010
https://openalex.org/W2004257813,https://doi.org/10.1097/00001665-199809000-00013,Commentary on Intraorbital Squamous Epithelial Cyst,1998,article,Journal of Craniofacial Surgery,False,https://doi.org/10.1097/00001665-199809000-00013
https://openalex.org/W2025039860,https://doi.org/10.1097/00001665-199907000-00018,Importance of Early Recognition and Treatment of Deformational Plagiocephaly with Orthotic Cranioplasty,1999,article,Journal of Craniofacial Surgery,False,https://doi.org/10.1097/00001665-199907000-00018
https://openalex.org/W2027924962,https://doi.org/10.1097/00001665-199909000-00017,Stereolithographic Biomodelling in Cranio-maxillofacial Surgery,1999,article,Journal of Craniofacial Surgery,False,https://doi.org/10.1097/00001665-199909000-00017
https://openalex.org/W2032801822,https://doi.org/10.1097/00001665-199901000-00009,Commentary on Avoidance of Implicit Hazards,1999,editorial,Journal of Craniofacial Surgery,False,https://doi.org/10.1097/00001665-199901000-00009
https://openalex.org/W2039601895,https://doi.org/10.1097/00001665-199805000-00025,Osseous Craniofacial Arteriovenous Malformations in the Pediatric Population,1998,article,Journal of Craniofacial Surgery,False,https://doi.org/10.1097/00001665-199805000-00025
https://openalex.org/W2059024552,https://doi.org/10.1097/00001665-199907000-00017,A Comparison of Single-Stage Versus Gradual Frontoparietal Advancement in Terms of Extradural Dead Space and Bone Deposition,1999,article,Journal of Craniofacial Surgery,False,https://doi.org/10.1097/00001665-199907000-00017
https://openalex.org/W2067930800,https://doi.org/10.1097/00001665-199911000-00013,Orbital and Globe Rotation,1999,article,Journal of Craniofacial Surgery,False,https://doi.org/10.1097/00001665-199911000-00013
https://openalex.org/W2068854610,https://doi.org/10.1097/00001665-199909000-00016,Mandibular Distraction Osteogenesis,1999,article,Journal of Craniofacial Surgery,False,https://doi.org/10.1097/00001665-199909000-00016
https://openalex.org/W2078662428,https://doi.org/10.1097/00001665-199807000-00023,Hydrocephalus and Craniosynostosis,1998,article,Journal of Craniofacial Surgery,False,https://doi.org/10.1097/00001665-199807000-00023
https://openalex.org/W2080047002,https://doi.org/10.1097/00001665-199907000-00019,Progress Toward Understanding Craniofacial Malformations,1999,article,Journal of Craniofacial Surgery,False,https://doi.org/10.1097/00001665-199907000-00019
https://openalex.org/W2083909604,https://doi.org/10.1097/00001665-199911000-00015,A Surgical Method for Treating Anterior Skull Base Injuries,1999,article,Journal of Craniofacial Surgery,False,https://doi.org/10.1097/00001665-199911000-00015
https://openalex.org/W2085955916,https://doi.org/10.1097/00001665-199805000-00024,Three-Dimensional Computed Tomography,1998,article,Journal of Craniofacial Surgery,False,https://doi.org/10.1097/00001665-199805000-00024
https://openalex.org/W4238131135,https://doi.org/10.1097/00006534-199906000-00027,Preventing Postoperative Noise in Saline Breast Implants,1999,article,Plastic & Reconstructive Surgery,False,https://doi.org/10.1097/00006534-199906000-00027
https://openalex.org/W1979965404,https://doi.org/10.1097/00001665-199711000-00020,Elevated Levels of Transforming Growth Factors Beta 2 and 3 in Lambdoid Sutures From Children With Persistent Plagiocephaly,1997,article,Journal of Craniofacial Surgery,False,https://doi.org/10.1097/00001665-199711000-00020
https://openalex.org/W1978697967,https://doi.org/10.1097/00001665-199503000-00007,Commentary on Cranial Versus Iliac Bone Grafts,1995,article,Journal of Craniofacial Surgery,False,https://doi.org/10.1097/00001665-199503000-00007
https://openalex.org/W1982705468,https://doi.org/10.1097/00001665-199603000-00024,Surgical Techniques in Orbital Roof Fractures,1996,article,Journal of Craniofacial Surgery,False,https://doi.org/10.1097/00001665-199603000-00024
https://openalex.org/W1984796623,https://doi.org/10.1097/00001665-199607000-00010,Commentary on Enhanced Cranial Bone Healing,1996,letter,Journal of Craniofacial Surgery,False,https://doi.org/10.1097/00001665-199607000-00010
https://openalex.org/W2000280217,https://doi.org/10.1097/00001665-199607000-00018,Intentional Cranial Deformation,1996,article,Journal of Craniofacial Surgery,False,https://doi.org/10.1097/00001665-199607000-00018
https://openalex.org/W2007984237,https://doi.org/10.1097/00001665-199507000-00017,Facial Injury,1995,article,Journal of Craniofacial Surgery,False,https://doi.org/10.1097/00001665-199507000-00017
https://openalex.org/W2034741495,https://doi.org/10.1097/00001665-199509000-00025,The Treatment of Enophthalmos by Orbital Injection of Fat Autograft,1995,article,Journal of Craniofacial Surgery,False,https://doi.org/10.1097/00001665-199509000-00025
https://openalex.org/W2046613040,https://doi.org/10.1097/00001665-199605000-00021,Significance of the Lateral Canthal Tendon in Craniofacial Surgery,1996,article,Journal of Craniofacial Surgery,False,https://doi.org/10.1097/00001665-199605000-00021
https://openalex.org/W2047181572,https://doi.org/10.1097/00001665-199607000-00017,Normal Sutural Fusion and the Etiology of Single Sutural Craniosynostosis,1996,article,Journal of Craniofacial Surgery,False,https://doi.org/10.1097/00001665-199607000-00017
https://openalex.org/W2087353889,https://doi.org/10.1097/00001665-199501000-00023,Ocular Injury Secondary to Periorbital Use of Stainless-Steel Wire and Suture,1995,article,Journal of Craniofacial Surgery,False,https://doi.org/10.1097/00001665-199501000-00023
https://openalex.org/W2526939546,https://doi.org/10.1097/00001665-199501000-00024,Transcranial Approach to the Orbit,1995,article,Journal of Craniofacial Surgery,False,https://doi.org/10.1097/00001665-199501000-00024
https://openalex.org/W4230098587,https://doi.org/10.1016/s0278-2391(96)90196-2,In reply,1996,article,Journal of Oral and Maxillofacial Surgery,False,https://doi.org/10.1016/s0278-2391(96)90196-2
https://openalex.org/W4252891560,https://doi.org/10.1097/00001665-199001020-00009,Literature Scan,1990,article,Journal of Craniofacial Surgery,False,https://doi.org/10.1097/00001665-199001020-00009
https://openalex.org/W4255701920,https://doi.org/10.1097/00001665-199603000-00025,Unusual Cranial Aspects of the Apert Syndrome,1996,article,Journal of Craniofacial Surgery,False,https://doi.org/10.1097/00001665-199603000-00025
https://openalex.org/W4256335013,https://doi.org/10.1016/s1010-5182(05)80518-9,Reply,1990,article,Journal of Cranio-Maxillofacial Surgery,False,https://doi.org/10.1016/s1010-5182(05)80518-9
https://openalex.org/W1983904404,https://doi.org/10.1097/00000637-199211000-00007,A Venous Thrombosis Technique for Experimental Thrombolytic Therapy,1992,article,Annals of Plastic Surgery,False,https://doi.org/10.1097/00000637-199211000-00007
https://openalex.org/W1993994926,https://doi.org/10.1016/0278-2391(92)90479-j,Treatment of orofacial vascular lesions,1992,letter,Journal of Oral and Maxillofacial Surgery,False,https://doi.org/10.1016/0278-2391(92)90479-j
https://openalex.org/W1995346614,https://doi.org/10.1097/00001665-199112000-00015,Intra- and Early Postoperative Complications of the LeFort I Osteotomy,1991,article,Journal of Craniofacial Surgery,False,https://doi.org/10.1097/00001665-199112000-00015
https://openalex.org/W2014362070,https://doi.org/10.1097/00001665-199307000-00021,Relationship Between Intracranial Pressure and Intracranial Volume in Craniosynostosis,1993,article,Journal of Craniofacial Surgery,False,https://doi.org/10.1097/00001665-199307000-00021
https://openalex.org/W2019037209,https://doi.org/10.1097/00000637-199211000-00018,Lower Facial Recontouring in Craniofacial Asymmetry,1992,article,Annals of Plastic Surgery,False,https://doi.org/10.1097/00000637-199211000-00018
https://openalex.org/W2025431295,https://doi.org/10.1016/s0278-2391(86)80045-3,Potential problems with intranasal suspension wires,1986,letter,Journal of Oral and Maxillofacial Surgery,False,https://doi.org/10.1016/s0278-2391(86)80045-3
https://openalex.org/W2032338407,https://doi.org/10.1016/0278-2391(89)90628-9,Osteomuscular flaps vs. Free bone grafts in craniofacial reconstruction: Experimental assessment of osseous healing,1989,article,Journal of Oral and Maxillofacial Surgery,False,https://doi.org/10.1016/0278-2391(89)90628-9
https://openalex.org/W2038538773,https://doi.org/10.1097/00006534-199404001-00040,PREOPERATIVE MARKING OF CUTANEOUS CAPILLARY MALFORMATIONS,1994,letter,Plastic & Reconstructive Surgery,False,https://doi.org/10.1097/00006534-199404001-00040
https://openalex.org/W2038759981,https://doi.org/10.1097/00001665-199307000-00019,"Fluid, Blood, and Blood Product Management in the Craniofacial Patient",1993,article,Journal of Craniofacial Surgery,False,https://doi.org/10.1097/00001665-199307000-00019
https://openalex.org/W2095049895,https://doi.org/10.1016/0278-2391(89)90627-7,Experimental assessment of the effects of revascularization and graft consistency on cervicofacial fat transplantation survival,1989,article,Journal of Oral and Maxillofacial Surgery,False,https://doi.org/10.1016/0278-2391(89)90627-7
https://openalex.org/W4232037655,https://doi.org/10.1097/00001665-199209000-00015,SOFT-TISSUE EXPANSION IN THE MANAGEMENT OF THE RARE CRANIOFACIAL CLEFT,1992,article,Journal of Craniofacial Surgery,False,https://doi.org/10.1097/00001665-199209000-00015
https://openalex.org/W4234856647,https://doi.org/10.1016/s0278-2391(10)80436-7,The authors reply,1993,article,Journal of Oral and Maxillofacial Surgery,False,https://doi.org/10.1016/s0278-2391(10)80436-7
https://openalex.org/W4240136220,https://doi.org/10.1097/00001665-199209000-00016,MANDIBULAR OSTEOTOMIES FOR TUMOR EXTIRPATION,1992,article,Journal of Craniofacial Surgery,False,https://doi.org/10.1097/00001665-199209000-00016
https://openalex.org/W4247490955,https://doi.org/10.1016/0278-2391(94)90491-x,Discussion,1994,article,Journal of Oral and Maxillofacial Surgery,False,https://doi.org/10.1016/0278-2391(94)90491-x
