pmid,title,journal,year,authors,doi,url,collected_at
31639875,Chin Reshaping in Profileplasty: Augmentative and Reductive Strategies.,Facial plastic surgery : FPS,2019 Oct,Eppley BL,doi: 10.1055/s-0039-1695750,https://pubmed.ncbi.nlm.nih.gov/31639875/,2025-10-09T03:35:44+00:00
31639868,Forehead/Brow Reduction or Augmentation with Custom Implants for Enhanced Facial Profileplasty.,Facial plastic surgery : FPS,2019 Oct,Eppley BL,doi: 10.1055/s-0039-1697962,https://pubmed.ncbi.nlm.nih.gov/31639868/,2025-10-09T03:35:44+00:00
30943560,Mandibular Angle Implants.,Facial plastic surgery : FPS,2019 Apr,Eppley BL,doi: 10.1055/s-0039-1683866,https://pubmed.ncbi.nlm.nih.gov/30943560/,2025-10-09T03:35:44+00:00
26818292,Utility of Tongue Stitch and Nasal Trumpet in the Immediate Postoperative Outcome of Cleft Palatoplasty.,Plastic and reconstructive surgery,2016 Feb,"Gallagher S, Ferrera A, Spera L, Eppley BL, Soleimani T, Tahiri Y, Sood R, Flores RL, Wooden WA, Tholpady SS",doi: 10.1097/01.prs.0000475786.60069.a3,https://pubmed.ncbi.nlm.nih.gov/26818292/,2025-10-09T03:35:44+00:00
26482499,Adjunctive liposuction for optimizing surgical access in the obese patient.,"Journal of plastic, reconstructive & aesthetic surgery : JPRAS",2016 Jan,"Lastfogel J, Spera LJ, Eppley BL, Flores R, Lester ME, Tholpady S",doi: 10.1016/j.bjps.2015.09.018,https://pubmed.ncbi.nlm.nih.gov/26482499/,2025-10-09T03:35:44+00:00
25154340,Protective stenting for prevention of microvascular vascular pedicle compression.,"Journal of plastic, reconstructive & aesthetic surgery : JPRAS",2014 Dec,"Hamwi KB, Flores RL, Eppley BL, Tholpady SS, Cohen AC",doi: 10.1016/j.bjps.2014.08.010,https://pubmed.ncbi.nlm.nih.gov/25154340/,2025-10-09T03:35:44+00:00
23524699,Facial dog bite injuries in children: treatment and outcome assessment.,The Journal of craniofacial surgery,2013 Mar,"Eppley BL, Schleich AR",doi: 10.1097/SCS.0b013e31827fee33,https://pubmed.ncbi.nlm.nih.gov/23524699/,2025-10-09T03:35:44+00:00
23354760,Surgical pocket location for gluteal implants: a systematic review.,Aesthetic plastic surgery,2013 Apr,"Flores-Lima G, Eppley BL, Dimas JR, Navarro DE",doi: 10.1007/s00266-012-0018-8,https://pubmed.ncbi.nlm.nih.gov/23354760/,2025-10-09T03:35:44+00:00
19816282,Nonorthodontic orthognathic surgery.,The Journal of craniofacial surgery,2009 Sep,"Schleich AR, Eppley BL",doi: 10.1097/SCS.0b013e3181b09a49,https://pubmed.ncbi.nlm.nih.gov/19816282/,2025-10-09T03:35:44+00:00
19182664,Adipose stromal cells and platelet-rich plasma therapies synergistically increase revascularization during wound healing.,Plastic and reconstructive surgery,2009 Feb,"Blanton MW, Hadad I, Johnstone BH, Mund JA, Rogers PI, Eppley BL, March KL",doi: 10.1097/PRS.0b013e318191be2d,https://pubmed.ncbi.nlm.nih.gov/19182664/,2025-10-09T03:35:44+00:00
19123020,Body contouring with solid silicone implants.,Aesthetic plastic surgery,2009 Mar,"Flores-Lima G, Eppley BL",doi: 10.1007/s00266-008-9292-x,https://pubmed.ncbi.nlm.nih.gov/19123020/,2025-10-09T03:35:44+00:00
18040171,Surgical cephalometrics: applications and developments.,Plastic and reconstructive surgery,2007 Nov,"Hurst CA, Eppley BL, Havlik RJ, Sadove AM",doi: 10.1097/01.prs.0000282728.97278.a2,https://pubmed.ncbi.nlm.nih.gov/18040171/,2025-10-09T03:35:44+00:00
17667676,Mandibular coronoid hyperplasia in pediatric patients.,The Journal of craniofacial surgery,2007 Jul,"Jaskolka MS, Eppley BL, van Aalst JA",,https://pubmed.ncbi.nlm.nih.gov/17667676/,2025-10-09T03:35:44+00:00
17667671,Bioabsorbable plate and screw fixation in orthognathic surgery.,The Journal of craniofacial surgery,2007 Jul,Eppley BL,,https://pubmed.ncbi.nlm.nih.gov/17667671/,2025-10-09T03:35:44+00:00
17538315,An experimental study of heat adaptation of bioabsorbable craniofacial meshes and plates.,The Journal of craniofacial surgery,2007 May,"Pietrzak WS, Eppley BL",,https://pubmed.ncbi.nlm.nih.gov/17538315/,2025-10-09T03:35:44+00:00
17414297,In vitro characteristics of a bioabsorbable suspension screw and suture system for endoscopic brow lift surgery.,The Journal of craniofacial surgery,2007 Mar,"Pietrzak WS, Eppley BL",,https://pubmed.ncbi.nlm.nih.gov/17414297/,2025-10-09T03:35:44+00:00
17051095,Platelet-rich plasma: a review of biology and applications in plastic surgery.,Plastic and reconstructive surgery,2006 Nov,"Eppley BL, Pietrzak WS, Blanton M",doi: 10.1097/01.prs.0000239606.92676.cf,https://pubmed.ncbi.nlm.nih.gov/17051095/,2025-10-09T03:35:44+00:00
17003621,The effect of high temperature intraoperative molding on bioabsorbable PLLA-PGA craniofacial fixation.,The Journal of craniofacial surgery,2006 Sep,"Pietrzak WS, Eppley BL",,https://pubmed.ncbi.nlm.nih.gov/17003621/,2025-10-09T03:35:44+00:00
16980841,Injectable soft-tissue fillers: clinical overview.,Plastic and reconstructive surgery,2006 Sep 15,"Eppley BL, Dadvand B",doi: 10.1097/01.prs.0000232436.91409.30,https://pubmed.ncbi.nlm.nih.gov/16980841/,2025-10-09T03:35:44+00:00
16681413,Treatment of nasopharyngeal stenosis by prosthetic hollow stents: Clinical experience in eight patients.,The Cleft palate-craniofacial journal : official publication of the American Cleft Palate-Craniofacial Association,2006 May,"Eppley BL, Sadove AM, Hennon D, van Aalst JA",,https://pubmed.ncbi.nlm.nih.gov/16681413/,2025-10-09T03:35:44+00:00
16633183,Stability of craniofacial PLLA/PGA copolymer bioabsorbable screws.,The Journal of craniofacial surgery,2006 Mar,"Pietrzak WS, Eppley BL",,https://pubmed.ncbi.nlm.nih.gov/16633183/,2025-10-09T03:35:44+00:00
16432401,A resorbable rivet system for pediatric craniofacial surgery: biomechanical testing and clinical experience.,The Journal of craniofacial surgery,2006 Jan,"Eppley BL, Pietrzak WS",,https://pubmed.ncbi.nlm.nih.gov/16432401/,2025-10-09T03:35:44+00:00
16327552,Platelet rich plasma: biology and new technology.,The Journal of craniofacial surgery,2005 Nov,"Pietrzak WS, Eppley BL",,https://pubmed.ncbi.nlm.nih.gov/16327552/,2025-10-09T03:35:44+00:00
16327544,Allograft and alloplastic bone substitutes: a review of science and technology for the craniomaxillofacial surgeon.,The Journal of craniofacial surgery,2005 Nov,"Eppley BL, Pietrzak WS, Blanton MW",,https://pubmed.ncbi.nlm.nih.gov/16327544/,2025-10-09T03:35:44+00:00
16077323,Surgical technique for primary alveolar bone grafting.,The Journal of craniofacial surgery,2005 Jul,"van Aalst JA, Eppley BL, Hathaway RR, Sadove AM",,https://pubmed.ncbi.nlm.nih.gov/16077323/,2025-10-09T03:35:44+00:00
16077320,Craniosynostosis anomalies in twins.,The Journal of craniofacial surgery,2005 Jul,"van Aalst JA, Schultz G, Eppley BL",,https://pubmed.ncbi.nlm.nih.gov/16077320/,2025-10-09T03:35:44+00:00
15923821,The spectrum of orofacial clefting.,Plastic and reconstructive surgery,2005 Jun,"Eppley BL, van Aalst JA, Robey A, Havlik RJ, Sadove AM",,https://pubmed.ncbi.nlm.nih.gov/15923821/,2025-10-09T03:35:44+00:00
15750438,Donor site morbidity of rib graft harvesting in primary alveolar cleft bone grafting.,The Journal of craniofacial surgery,2005 Mar,Eppley BL,,https://pubmed.ncbi.nlm.nih.gov/15750438/,2025-10-09T03:35:44+00:00
15750419,Antibiotic elution from hydroxyapatite cement cranioplasty materials.,The Journal of craniofacial surgery,2005 Mar,"Pietrzak WS, Eppley BL",,https://pubmed.ncbi.nlm.nih.gov/15750419/,2025-10-09T03:35:44+00:00
15742292,Use of resorbable plates and screws in pediatric facial fractures.,Journal of oral and maxillofacial surgery : official journal of the American Association of Oral and Maxillofacial Surgeons,2005 Mar,Eppley BL,,https://pubmed.ncbi.nlm.nih.gov/15742292/,2025-10-09T03:35:44+00:00
15699662,Biomechanical testing of alloplastic PMMA cranioplasty materials.,The Journal of craniofacial surgery,2005 Jan,Eppley BL,,https://pubmed.ncbi.nlm.nih.gov/15699662/,2025-10-09T03:35:44+00:00
15699653,Three-dimensional osteotomy planning in maxillofacial surgery including soft tissue prediction.,The Journal of craniofacial surgery,2005 Jan,"Westermark A, Zachow S, Eppley BL",,https://pubmed.ncbi.nlm.nih.gov/15699653/,2025-10-09T03:35:44+00:00
15509939,Platelet quantification and growth factor analysis from platelet-rich plasma: implications for wound healing.,Plastic and reconstructive surgery,2004 Nov,"Eppley BL, Woodell JE, Higgins J",,https://pubmed.ncbi.nlm.nih.gov/15509939/,2025-10-09T03:35:44+00:00
15468389,Resorbable PLLA-PGA plate and screw fixation in pediatric craniofacial surgery: clinical experience in 1883 patients.,Plastic and reconstructive surgery,2004 Sep 15,"Eppley BL, Morales L, Wood R, Pensler J, Goldstein J, Havlik RJ, Habal M, Losken A, Williams JK, Burstein F, Rozzelle AA, Sadove AM",,https://pubmed.ncbi.nlm.nih.gov/15468389/,2025-10-09T03:35:44+00:00
15346013,In vitro analysis of the elution of tobramycin from a calcium sulfate bone void filler.,The Journal of craniofacial surgery,2004 Sep,"Pietrzak WS, Eppley BL",,https://pubmed.ncbi.nlm.nih.gov/15346013/,2025-10-09T03:35:44+00:00
15300551,Novel use of acellular dermal matrix in the formation of a bioprosthetic silo for giant omphalocele coverage.,Journal of pediatric surgery,2004 Aug,"Ladd AP, Rescorla FJ, Eppley BL",,https://pubmed.ncbi.nlm.nih.gov/15300551/,2025-10-09T03:35:44+00:00
15167256,Introduction of a novel internal spring-driven craniofacial bone distraction device.,The Journal of craniofacial surgery,2004 Mar,"Li M, Park SG, Kang DI, Eppley BL, Sadove AM, Coleman JJ 3rd",,https://pubmed.ncbi.nlm.nih.gov/15167256/,2025-10-09T03:35:44+00:00
14733217,Re: The accuracy of stereolithography in planning craniofacial bone replacement.,The Journal of craniofacial surgery,2003 Nov,Eppley BL,,https://pubmed.ncbi.nlm.nih.gov/14733217/,2025-10-09T03:35:44+00:00
19336142,Easing Botox administration with EMLA cream.,Aesthetic surgery journal,2004 Jan-Feb,Eppley BL,doi: 10.1016/j.asj.2003.10.002,https://pubmed.ncbi.nlm.nih.gov/19336142/,2025-10-09T03:35:44+00:00
12621292,Hydroxyapatite cranioplasty: 2. Clinical experience with a new quick-setting material.,The Journal of craniofacial surgery,2003 Mar,"Eppley BL, Hollier L, Stal S",,https://pubmed.ncbi.nlm.nih.gov/12621292/,2025-10-09T03:35:44+00:00
12621287,The influence of temperature on the degradation rate of LactoSorb copolymer.,The Journal of craniofacial surgery,2003 Mar,"Pietrzak WS, Kumar M, Eppley BL",,https://pubmed.ncbi.nlm.nih.gov/12621287/,2025-10-09T03:35:44+00:00
12544230,Large osteomas of the cranial vault.,The Journal of craniofacial surgery,2003 Jan,"Eppley BL, Kim W, Sadove AM",,https://pubmed.ncbi.nlm.nih.gov/12544230/,2025-10-09T03:35:44+00:00
12544228,Long-spanning resorbable plates in cranial vault reconstruction.,The Journal of craniofacial surgery,2003 Jan,"Eppley BL, Li M",,https://pubmed.ncbi.nlm.nih.gov/12544228/,2025-10-09T03:35:44+00:00
12544227,Hydroxyapatite cranioplasty: I. Experimental results from a new quick-setting material.,The Journal of craniofacial surgery,2003 Jan,Eppley BL,,https://pubmed.ncbi.nlm.nih.gov/12544227/,2025-10-09T03:35:44+00:00
12447051,Salvage of facial reanimation with vascularized adductor magnus muscle flap: clinical experience and anatomical studies.,Plastic and reconstructive surgery,2002 Dec,"Eppley BL, Zuker RM",,https://pubmed.ncbi.nlm.nih.gov/12447051/,2025-10-09T03:35:44+00:00
12218798,Compartmentalized bone regeneration of cranial defects with biodegradable barriers--effects of calcium sodium phosphate surface coatings on LactoSorb.,The Journal of craniofacial surgery,2002 Sep,"Eppley BL, Stal S, Hollier L, Kumar M",,https://pubmed.ncbi.nlm.nih.gov/12218798/,2025-10-09T03:35:44+00:00
12218793,Craniofacial reconstruction with computer-generated HTR patient-matched implants: use in primary bony tumor excision.,The Journal of craniofacial surgery,2002 Sep,Eppley BL,,https://pubmed.ncbi.nlm.nih.gov/12218793/,2025-10-09T03:35:44+00:00
12140421,The effect of therapeutic irradiation on LactoSorb absorbable copolymer.,The Journal of craniofacial surgery,2002 Jul,"Pietrzak WS, Gamboa M, Patel K, Sharma D, Kumar M, Eppley BL",,https://pubmed.ncbi.nlm.nih.gov/12140421/,2025-10-09T03:35:44+00:00
11886989,Craniofacial impalement injury: a rake in the face.,The Journal of craniofacial surgery,2002 Jan,Eppley BL,,https://pubmed.ncbi.nlm.nih.gov/11886989/,2025-10-09T03:35:44+00:00
11884798,"Cranial reconstruction with computer-generated hard-tissue replacement patient-matched implants: indications, surgical technique, and long-term follow-up.",Plastic and reconstructive surgery,2002 Mar,"Eppley BL, Kilgo M, Coleman JJ 3rd",,https://pubmed.ncbi.nlm.nih.gov/11884798/,2025-10-09T03:35:44+00:00
11727857,Pediatric plastic surgery revisited.,Clinics in plastic surgery,2001 Oct,Eppley BL,,https://pubmed.ncbi.nlm.nih.gov/11727857/,2025-10-09T03:35:44+00:00
11716262,Bipedicle fasciocutaneous flaps for inframalleolar vascular graft coverage at the ankle/foot.,Annals of plastic surgery,2001 Nov,"Sood R, Flannagan RP, Lalka S, Prevel MC, Eppley BL, Coleman JJ",,https://pubmed.ncbi.nlm.nih.gov/11716262/,2025-10-09T03:35:44+00:00
11482622,Free fibular flap reconstruction in mandibular osteopetrosis.,The Journal of craniofacial surgery,2001 Jul,"Eppley BL, Coleman JJ 3rd",,https://pubmed.ncbi.nlm.nih.gov/11482622/,2025-10-09T03:35:44+00:00
11370640,Re: Tension forces in relation to LeFort III osteotomies: an anatomical study.,The Journal of craniofacial surgery,2000 Jul,Eppley BL,,https://pubmed.ncbi.nlm.nih.gov/11370640/,2025-10-09T03:35:44+00:00
11314499,Resorbable polymer fixation for craniomaxillofacial surgery: development and engineering paradigms.,The Journal of craniofacial surgery,2000 Nov,"Pietrzak WS, Eppley BL",,https://pubmed.ncbi.nlm.nih.gov/11314499/,2025-10-09T03:35:44+00:00
11314387,Zygomaticomaxillary fracture repair with resorbable plates and screws.,The Journal of craniofacial surgery,2000 Jul,Eppley BL,,https://pubmed.ncbi.nlm.nih.gov/11314387/,2025-10-09T03:35:44+00:00
11314383,Distraction lengthening of the mandibular costochondral graft: a precautionary note.,The Journal of craniofacial surgery,2000 Jul,Eppley BL,,https://pubmed.ncbi.nlm.nih.gov/11314383/,2025-10-09T03:35:44+00:00
11314301,A resorbable and rapid method for maxillomandibular fixation in pediatric mandible fractures.,The Journal of craniofacial surgery,2000 May,Eppley BL,,https://pubmed.ncbi.nlm.nih.gov/11314301/,2025-10-09T03:35:44+00:00
11314198,Re: Helmet versus nonhelmet treatment in nonsynostotic positional posterior plagiocephaly.,The Journal of craniofacial surgery,2001 Jan,Eppley BL,,https://pubmed.ncbi.nlm.nih.gov/11314198/,2025-10-09T03:35:44+00:00
11314197,Re: Producing a full-scale model from computed tomographic data with the rapid prototyping technique using the binder jet method: A comparison with the laser lithography method using a dry skull.,The Journal of craniofacial surgery,2001 Jan,Eppley BL,,https://pubmed.ncbi.nlm.nih.gov/11314197/,2025-10-09T03:35:44+00:00
11314196,Re: Periodontal evaluation in patients undergoing maxillary expansion.,The Journal of craniofacial surgery,2001 Jan,Eppley BL,,https://pubmed.ncbi.nlm.nih.gov/11314196/,2025-10-09T03:35:44+00:00
11314104,Alloplastic tumor of the palate: view from the operating room.,The Journal of craniofacial surgery,2000 Jan,Eppley BL,,https://pubmed.ncbi.nlm.nih.gov/11314104/,2025-10-09T03:35:44+00:00
11304602,Experimental assessment of the revascularization of acellular human dermis for soft-tissue augmentation.,Plastic and reconstructive surgery,2001 Mar,Eppley BL,,https://pubmed.ncbi.nlm.nih.gov/11304602/,2025-10-09T03:35:44+00:00
11292966,Discussion.,Journal of oral and maxillofacial surgery : official journal of the American Association of Oral and Maxillofacial Surgeons,2001 Apr,Eppley BL,,https://pubmed.ncbi.nlm.nih.gov/11292966/,2025-10-09T03:35:44+00:00
11243608,Fixation of bimaxillary osteotomies with resorbable plates and screws: experience in 20 consecutive cases.,Journal of oral and maxillofacial surgery : official journal of the American Association of Oral and Maxillofacial Surgeons,2001 Mar,"Edwards RC, Kiely KD, Eppley BL",,https://pubmed.ncbi.nlm.nih.gov/11243608/,2025-10-09T03:35:44+00:00
11152185,The fate of resorbable poly-L-lactic/polyglycolic acid (LactoSorb) bone fixation devices in orthognathic surgery.,Journal of oral and maxillofacial surgery : official journal of the American Association of Oral and Maxillofacial Surgeons,2001 Jan,"Edwards RC, Kiely KD, Eppley BL",,https://pubmed.ncbi.nlm.nih.gov/11152185/,2025-10-09T03:35:44+00:00
10830800,Management of alveolar cleft bone grafting--state of the art.,The Cleft palate-craniofacial journal : official publication of the American Cleft Palate-Craniofacial Association,2000 May,"Eppley BL, Sadove AM",,https://pubmed.ncbi.nlm.nih.gov/10830800/,2025-10-09T03:35:44+00:00
10716107,Resorbable fixation techniques for genioplasty.,Journal of oral and maxillofacial surgery : official journal of the American Association of Oral and Maxillofacial Surgeons,2000 Mar,"Edwards RC, Kiely KD, Eppley BL",,https://pubmed.ncbi.nlm.nih.gov/10716107/,2025-10-09T03:35:44+00:00
10596664,Biomechanical testing of resorbable screws used for mandibular sagittal split osteotomies.,Journal of oral and maxillofacial surgery : official journal of the American Association of Oral and Maxillofacial Surgeons,1999 Dec,"Eppley BL, Sarver D, Pietrzak B",,https://pubmed.ncbi.nlm.nih.gov/10596664/,2025-10-09T03:35:44+00:00
10541182,Alloplastic implantation.,Plastic and reconstructive surgery,1999 Nov,Eppley BL,,https://pubmed.ncbi.nlm.nih.gov/10541182/,2025-10-09T03:35:44+00:00
10530233,Resorbable PLLA-PGA screw fixation of mandibular sagittal split osteotomies.,The Journal of craniofacial surgery,1999 May,"Edwards RC, Kiely KD, Eppley BL",,https://pubmed.ncbi.nlm.nih.gov/10530233/,2025-10-09T03:35:44+00:00
10388429,Primary alveolar cleft bone grafting in unilateral cleft lip and palate: craniofacial form at age 8.,The Journal of craniofacial surgery,1999 Jan,"Hathaway RR, Eppley BL, Nelson CL, Sadove AM",,https://pubmed.ncbi.nlm.nih.gov/10388429/,2025-10-09T03:35:44+00:00
10388428,Primary alveolar cleft bone grafting in unilateral cleft lip and palate: arch dimensions at age 8.,The Journal of craniofacial surgery,1999 Jan,"Hathaway RR, Eppley BL, Hennon DK, Nelson CL, Sadove AM",,https://pubmed.ncbi.nlm.nih.gov/10388428/,2025-10-09T03:35:44+00:00
10388425,Commentary on avoidance of implicit hazards: the realignment of maxillary and mandibular arches in comminuted and facial fractures.,The Journal of craniofacial surgery,1999 Jan,Eppley BL,,https://pubmed.ncbi.nlm.nih.gov/10388425/,2025-10-09T03:35:44+00:00
10388410,Craniofacial correction of giant frontoethmoidal encephalomeningocele.,The Journal of craniofacial surgery,1999 Mar,"Eppley BL, Hathaway RR, Kalsbeck JE, Rosenthal M",,https://pubmed.ncbi.nlm.nih.gov/10388410/,2025-10-09T03:35:44+00:00
10359263,Preventing postoperative noise in saline breast implants.,Plastic and reconstructive surgery,1999 Jun,Eppley BL,,https://pubmed.ncbi.nlm.nih.gov/10359263/,2025-10-09T03:35:44+00:00
10029769,Computer-generated patient models for reconstruction of cranial and facial deformities.,The Journal of craniofacial surgery,1998 Nov,"Eppley BL, Sadove AM",,https://pubmed.ncbi.nlm.nih.gov/10029769/,2025-10-09T03:35:44+00:00
9780931,Amniotic band facies.,The Journal of craniofacial surgery,1998 Jul,"Eppley BL, David L, Li M, Moore CA, Sadove AM",,https://pubmed.ncbi.nlm.nih.gov/9780931/,2025-10-09T03:35:44+00:00
9780925,Use of a resorbable fixation technique for maxillary fractures.,The Journal of craniofacial surgery,1998 Jul,Eppley BL,,https://pubmed.ncbi.nlm.nih.gov/9780925/,2025-10-09T03:35:44+00:00
9655436,Resorbable screw fixation technique for endoscopic brow and midfacial lifts.,Plastic and reconstructive surgery,1998 Jul,"Eppley BL, Coleman JJ 3rd, Sood R, Ha RY, Sadove AM",,https://pubmed.ncbi.nlm.nih.gov/9655436/,2025-10-09T03:35:44+00:00
9251624,A simplified technique for harvesting large buccal mucosal grafts.,Journal of oral and maxillofacial surgery : official journal of the American Association of Oral and Maxillofacial Surgeons,1997 Aug,Eppley BL,,https://pubmed.ncbi.nlm.nih.gov/9251624/,2025-10-09T03:35:44+00:00
9482052,Acrocephalosyndactyly syndromes: a review.,The Journal of craniofacial surgery,1997 Jul,"Prevel CD, Eppley BL, McCarty M",,https://pubmed.ncbi.nlm.nih.gov/9482052/,2025-10-09T03:35:44+00:00
9207653,Resorbable plate fixation in pediatric craniofacial surgery.,Plastic and reconstructive surgery,1997 Jul,"Eppley BL, Sadove AM, Havlik RJ",,https://pubmed.ncbi.nlm.nih.gov/9207653/,2025-10-09T03:35:44+00:00
9185725,Resorbable fixation plates in head and neck surgery.,The Laryngoscope,1997 Jun,"Weisberger EC, Eppley BL",,https://pubmed.ncbi.nlm.nih.gov/9185725/,2025-10-09T03:35:44+00:00
9120917,A buccal mucosal harvesting technique for urethral reconstruction.,The Journal of urology,1997 Apr,"Eppley BL, Keating M, Rink R",,https://pubmed.ncbi.nlm.nih.gov/9120917/,2025-10-09T03:35:44+00:00
10332280,Potential for guided bone regeneration and bone graft fixation with resorbable membranes in pediatric craniofacial surgery.,The Journal of craniofacial surgery,1997 Mar,Eppley BL,,https://pubmed.ncbi.nlm.nih.gov/10332280/,2025-10-09T03:35:44+00:00
10332278,Degradation characteristics of PLLA-PGA bone fixation devices.,The Journal of craniofacial surgery,1997 Mar,"Eppley BL, Reilly M",,https://pubmed.ncbi.nlm.nih.gov/10332278/,2025-10-09T03:35:44+00:00
10332276,Nonmetallic fixation in traumatic midfacial fractures.,The Journal of craniofacial surgery,1997 Mar,"Eppley BL, Prevel CD",,https://pubmed.ncbi.nlm.nih.gov/10332276/,2025-10-09T03:35:44+00:00
10332271,Resorbable biotechnology for craniomaxillofacial surgery.,The Journal of craniofacial surgery,1997 Mar,Eppley BL,,https://pubmed.ncbi.nlm.nih.gov/10332271/,2025-10-09T03:35:44+00:00
8937599,A biomechanical analysis of the stability of titanium bone fixation systems in proximal phalangeal fractures.,Annals of plastic surgery,1996 Nov,"Prevel CD, Katona T, Eppley BL, Moore K, McCarty M, Ge J",,https://pubmed.ncbi.nlm.nih.gov/8937599/,2025-10-09T03:35:44+00:00
8905045,A comparative biomechanical analysis of resorbable rigid fixation versus titanium rigid fixation of metacarpal fractures.,Annals of plastic surgery,1996 Oct,"Prevel CD, Eppley BL, Ge J, Winkler MM, Katona TR, D'Alessio K, Sarver D",,https://pubmed.ncbi.nlm.nih.gov/8905045/,2025-10-09T03:35:44+00:00
9133836,Commentary on enhanced cranial bone healing.,The Journal of craniofacial surgery,1996 Jul,Eppley BL,,https://pubmed.ncbi.nlm.nih.gov/9133836/,2025-10-09T03:35:44+00:00
8826590,Biomechanical testing of titanium self-tapping versus pretapped lag screw fixation of spiral metacarpal fractures.,Annals of plastic surgery,1996 Jul,"Prevel CD, Morgan R, Molnar J, Eppley BL, Moore K",,https://pubmed.ncbi.nlm.nih.gov/8826590/,2025-10-09T03:35:44+00:00
11951475,Resorbable bone fixation: its potential role in cranio-maxillofacial trauma.,The Journal of cranio-maxillofacial trauma,1996 Spring,"Eppley BL, Prevel CD, Sadove AM, Sarver D",,https://pubmed.ncbi.nlm.nih.gov/11951475/,2025-10-09T03:35:44+00:00
8617023,Pediatric plastic surgery.,Clinics in plastic surgery,1996 Jan,"Sadove AM, Eppley BL",,https://pubmed.ncbi.nlm.nih.gov/8617023/,2025-10-09T03:35:44+00:00
8531003,Alveolar cleft bone grafting (Part I): Primary bone grafting.,Journal of oral and maxillofacial surgery : official journal of the American Association of Oral and Maxillofacial Surgeons,1996 Jan,Eppley BL,,https://pubmed.ncbi.nlm.nih.gov/8531003/,2025-10-09T03:35:44+00:00
9020737,Resorbable coupling fixation in craniosynostosis surgery: experimental and clinical applications.,The Journal of craniofacial surgery,1995 Nov,"Eppley BL, Sadove AM",,https://pubmed.ncbi.nlm.nih.gov/9020737/,2025-10-09T03:35:44+00:00
8585681,Small intestinal submucosa: utilization as a wound dressing in full-thickness rodent wounds.,Annals of plastic surgery,1995 Oct,"Prevel CD, Eppley BL, Summerlin DJ, Sidner R, Jackson JR, McCarty M, Badylak SF",,https://pubmed.ncbi.nlm.nih.gov/8585681/,2025-10-09T03:35:44+00:00
8585680,Small intestinal submucosa: utilization for repair of rodent abdominal wall defects.,Annals of plastic surgery,1995 Oct,"Prevel CD, Eppley BL, Summerlin DJ, Jackson JR, McCarty M, Badylak SF",,https://pubmed.ncbi.nlm.nih.gov/8585680/,2025-10-09T03:35:44+00:00
8526161,HTR polymer facial implants: a five-year clinical experience.,Aesthetic plastic surgery,1995 Sep-Oct,"Eppley BL, Sadove AM, Holmstrom H, Kahnberg KE",,https://pubmed.ncbi.nlm.nih.gov/8526161/,2025-10-09T03:35:44+00:00
7660517,Experimental assessment of small intestinal submucosa as a bladder wall substitute.,Urology,1995 Sep,"Kropp BP, Eppley BL, Prevel CD, Rippy MK, Harruff RC, Badylak SF, Adams MC, Rink RC, Keating MA",,https://pubmed.ncbi.nlm.nih.gov/7660517/,2025-10-09T03:35:44+00:00
7624403,A comparison of resorbable and metallic fixation in healing of calvarial bone grafts.,Plastic and reconstructive surgery,1995 Aug,"Eppley BL, Sadove AM",,https://pubmed.ncbi.nlm.nih.gov/7624403/,2025-10-09T03:35:44+00:00
7574288,Comparative biomechanical stability of titanium bone fixation systems in metacarpal fractures.,Annals of plastic surgery,1995 Jul,"Prevel CD, McCarty M, Katona T, Moore K, Jackson JR, Eppley BL, Sood R",,https://pubmed.ncbi.nlm.nih.gov/7574288/,2025-10-09T03:35:44+00:00
8544707,Sympathetic blockade of isolated rat hindlimbs by intra-arterial guanethidine: the effect on blood flow and arterial-venous shunting.,Microsurgery,1995,"McCarty ME, Grossi EA, Cutting C, Prevel CD, Elluru R, Eppley BL",,https://pubmed.ncbi.nlm.nih.gov/8544707/,2025-10-09T03:35:44+00:00
7722264,Mini and micro plating of phalangeal and metacarpal fractures: a biomechanical study.,The Journal of hand surgery,1995 Jan,"Prevel CD, Eppley BL, Jackson JR, Moore K, McCarty M, Sood R, Wood R [corrected to Sood R]",,https://pubmed.ncbi.nlm.nih.gov/7722264/,2025-10-09T03:35:44+00:00
7880049,Mechanical anastomosis of nerves: a histological and functional comparison to conventional suturing.,Annals of plastic surgery,1994 Dec,"Prevel CD, Eppley BL, McCarty M, Brock C",,https://pubmed.ncbi.nlm.nih.gov/7880049/,2025-10-09T03:35:44+00:00
7833410,Mandibular vascular malformations: treatment and long-term results.,The Journal of craniofacial surgery,1994 Nov,"Sadove AM, Eppley BL, Gossweiler K, Hathaway R",,https://pubmed.ncbi.nlm.nih.gov/7833410/,2025-10-09T03:35:44+00:00
7813155,Surgical correction of metopic suture synostosis.,Clinics in plastic surgery,1994 Oct,"Eppley BL, Sadove AM",,https://pubmed.ncbi.nlm.nih.gov/7813155/,2025-10-09T03:35:44+00:00
8016234,Fibrous hamartomas of the scalp in infancy.,Plastic and reconstructive surgery,1994 Jul,"Eppley BL, Harruff R, Shah M, Sadove AM",,https://pubmed.ncbi.nlm.nih.gov/8016234/,2025-10-09T03:35:44+00:00
7803590,Cranial reconstruction in osteogenesis imperfecta.,The Journal of craniofacial surgery,1994 Jul,"Eppley BL, Kalsbeck JE, Sadove AM",,https://pubmed.ncbi.nlm.nih.gov/7803590/,2025-10-09T03:35:44+00:00
8171134,Systemic effects of photothermolysis of large port-wine stains in infants and children.,Plastic and reconstructive surgery,1994 May,"Eppley BL, Sadove AM",,https://pubmed.ncbi.nlm.nih.gov/8171134/,2025-10-09T03:35:44+00:00
8060068,A potential biomaterial composite for dermal and subcutaneous augmentation.,Annals of plastic surgery,1994 May,"Eppley BL, Summerlin DJ, Sadove AM",,https://pubmed.ncbi.nlm.nih.gov/8060068/,2025-10-09T03:35:44+00:00
7918853,Effects of resorbable fixation on craniofacial skeletal growth: modifications in plate size.,The Journal of craniofacial surgery,1994 May,"Eppley BL, Sadove AM",,https://pubmed.ncbi.nlm.nih.gov/7918853/,2025-10-09T03:35:44+00:00
8134473,Preoperative marking of cutaneous capillary malformations.,Plastic and reconstructive surgery,1994 Apr,"Eppley BL, Sadove AM",,https://pubmed.ncbi.nlm.nih.gov/8134473/,2025-10-09T03:35:44+00:00
8031977,Biomechanical comparison of wire osteosynthesis techniques in craniofacial surgery.,The Journal of craniofacial surgery,1994 Feb,"Eppley BL, Elluru R, Sadove AM",,https://pubmed.ncbi.nlm.nih.gov/8031977/,2025-10-09T03:35:44+00:00
8130240,Effects of primary alveolar bone grafting on maxillofacial development in the rabbit.,The Cleft palate-craniofacial journal : official publication of the American Cleft Palate-Craniofacial Association,1994 Jan,"Eppley BL, Sadove AM",,https://pubmed.ncbi.nlm.nih.gov/8130240/,2025-10-09T03:35:44+00:00
8118985,Negatively charged resins stimulate bone formation in subperiosteal sites in rats. The effect of age.,Clinical orthopaedics and related research,1994 Jan,"Krukowski M, Snyders RV Jr, Eppley BL, Simmons DJ",,https://pubmed.ncbi.nlm.nih.gov/8118985/,2025-10-09T03:35:44+00:00
7830542,Experimental evaluation of small intestinal submucosa as a microvascular graft material.,Microsurgery,1994,"Prevel CD, Eppley BL, McCarty M, Jackson JR, Voytik SL, Hiles MC, Badylak SF",,https://pubmed.ncbi.nlm.nih.gov/7830542/,2025-10-09T03:35:44+00:00
7817893,Effects of a positively charged biomaterial for dermal and subcutaneous augmentation.,Aesthetic plastic surgery,1994 Fall,"Eppley BL, Summerlin DJ, Prevel CD, Sadove AM",,https://pubmed.ncbi.nlm.nih.gov/7817893/,2025-10-09T03:35:44+00:00
8275641,Correction of secondary cleft lip and nasal deformities.,Clinics in plastic surgery,1993 Oct,"Sadove AM, Eppley BL",,https://pubmed.ncbi.nlm.nih.gov/8275641/,2025-10-09T03:35:44+00:00
8357216,Experimental effects of intraorbital tissue expansion on orbitomaxillary growth in anophthalmos.,Annals of plastic surgery,1993 Jul,"Eppley BL, Holley S, Sadove AM",,https://pubmed.ncbi.nlm.nih.gov/8357216/,2025-10-09T03:35:44+00:00
7683051,Enhancement of repair in experimental calvarial bone defects using calcium sulfate and dextran beads.,Journal of oral and maxillofacial surgery : official journal of the American Association of Oral and Maxillofacial Surgeons,1993 May,"Snyders RV Jr, Eppley BL, Krukowski M, Delfino JJ",,https://pubmed.ncbi.nlm.nih.gov/7683051/,2025-10-09T03:35:44+00:00
8324085,Effects of skeletal fixation on craniofacial imaging.,The Journal of craniofacial surgery,1993 Apr,"Eppley BL, Sparks C, Herman E, Edwards M, McCarty M, Sadove AM",,https://pubmed.ncbi.nlm.nih.gov/8324085/,2025-10-09T03:35:44+00:00
8452838,Experimental effects of bone plating in infancy on craniomaxillofacial skeletal growth.,The Cleft palate-craniofacial journal : official publication of the American Cleft Palate-Craniofacial Association,1993 Mar,"Eppley BL, Platis JM, Sadove AM",,https://pubmed.ncbi.nlm.nih.gov/8452838/,2025-10-09T03:35:44+00:00
8213323,Instrument technique in scalp dissection for tissue expander placement.,Aesthetic plastic surgery,1993 Summer,"Sadove AM, Eppley BL",,https://pubmed.ncbi.nlm.nih.gov/8213323/,2025-10-09T03:35:44+00:00
1298420,Effects of resorbable fixation on craniofacial skeletal growth: a pilot experimental study.,The Journal of craniofacial surgery,1992 Dec,"Eppley BL, Sadove AM",,https://pubmed.ncbi.nlm.nih.gov/1298420/,2025-10-09T03:35:44+00:00
1280367,Bioactivation of free-fat transfers: a potential new approach to improving graft survival.,Plastic and reconstructive surgery,1992 Dec,"Eppley BL, Sidner RA, Platis JM, Sadove AM",,https://pubmed.ncbi.nlm.nih.gov/1280367/,2025-10-09T03:35:44+00:00
1444140,Lower facial recontouring in craniofacial asymmetry.,Annals of plastic surgery,1992 Nov,"Eppley BL, Elluru R, Sadove AM",,https://pubmed.ncbi.nlm.nih.gov/1444140/,2025-10-09T03:35:44+00:00
1444129,A venous thrombosis technique for experimental thrombolytic therapy.,Annals of plastic surgery,1992 Nov,"Eppley BL, Wilson SL, Brock C, Coleman JJ 3rd",,https://pubmed.ncbi.nlm.nih.gov/1444129/,2025-10-09T03:35:44+00:00
1403272,Use of postauricular skin grafts for vestibular reconstruction.,Journal of oral and maxillofacial surgery : official journal of the American Association of Oral and Maxillofacial Surgeons,1992 Nov,"Eppley BL, McBride J, Sadove AM",,https://pubmed.ncbi.nlm.nih.gov/1403272/,2025-10-09T03:35:44+00:00
1527668,Mental neuropathy as a sign of distant malignancy: report of cases.,Journal of oral and maxillofacial surgery : official journal of the American Association of Oral and Maxillofacial Surgeons,1992 Oct,"Eppley BL, Snyders RV Jr",,https://pubmed.ncbi.nlm.nih.gov/1527668/,2025-10-09T03:35:44+00:00
1466522,The epigastric fat transfer: an alternative free flap model in the rat.,Annals of plastic surgery,1992 Oct,"Eppley BL, Elluru R, Brock CA, Coleman JJ 3rd",,https://pubmed.ncbi.nlm.nih.gov/1466522/,2025-10-09T03:35:44+00:00
1524378,Philtral fistula in median cleft lip: cause and effect or coincidence?,Annals of plastic surgery,1992 Sep,"Eppley BL, Sadove AM, Goldenberg J",,https://pubmed.ncbi.nlm.nih.gov/1524378/,2025-10-09T03:35:44+00:00
1303540,Alternative use of the electrical burn appliance.,Pediatric dentistry,1992 Sep-Oct,"Sanders BJ, Hennon DK, Eppley BL, Sadove AM, Zuker R",,https://pubmed.ncbi.nlm.nih.gov/1303540/,2025-10-09T03:35:44+00:00
1607994,Developmental significance of delayed closure of the mandibular symphysis.,Journal of oral and maxillofacial surgery : official journal of the American Association of Oral and Maxillofacial Surgeons,1992 Jul,"Eppley BL, Green P, Bixler DP, Sadove AM",,https://pubmed.ncbi.nlm.nih.gov/1607994/,2025-10-09T03:35:44+00:00
1593335,Treatment of orofacial vascular lesions.,Journal of oral and maxillofacial surgery : official journal of the American Association of Oral and Maxillofacial Surgeons,1992 Jun,"Eppley BL, Sadove AM",,https://pubmed.ncbi.nlm.nih.gov/1593335/,2025-10-09T03:35:44+00:00
1584878,Commissure stabilization appliance in facial reanimation surgery.,Plastic and reconstructive surgery,1992 Jun,"Eppley BL, Hennon DK, Sadove AM, Zuker RM",,https://pubmed.ncbi.nlm.nih.gov/1584878/,2025-10-09T03:35:44+00:00
1374121,Autologous facial fat transplantation: improved graft maintenance by microbead bioactivation.,Journal of oral and maxillofacial surgery : official journal of the American Association of Oral and Maxillofacial Surgeons,1992 May,"Eppley BL, Snyders RV Jr, Winkelmann T, Delfino JJ",,https://pubmed.ncbi.nlm.nih.gov/1374121/,2025-10-09T03:35:44+00:00
1391238,Effects of nerve growth factor on craniofacial onlay bone graft survival: preliminary findings.,The Journal of craniofacial surgery,1992 Mar,"Eppley BL, Snyders RV, Windelmann T, Delfino JJ, Sadove AM",,https://pubmed.ncbi.nlm.nih.gov/1391238/,2025-10-09T03:35:44+00:00
1727250,Adequate preclinical testing of bioplastique injectable material?,Plastic and reconstructive surgery,1992 Jan,"Eppley BL, Sidner RA, Sadove AM",,https://pubmed.ncbi.nlm.nih.gov/1727250/,2025-10-09T03:35:44+00:00
1946758,Orbital teratoma associated with trigonocephaly.,Plastic and reconstructive surgery,1991 Dec,"Sadove AM, Kalsbeck JE, Ellis FD, Eppley BL, Elluru R",,https://pubmed.ncbi.nlm.nih.gov/1946758/,2025-10-09T03:35:44+00:00
1814491,Hemifacial microsomia: assessment of classification systems.,The Journal of craniofacial surgery,1991 Dec,"Rodgers SF, Eppley BL, Nelson CL, Sadove AM",,https://pubmed.ncbi.nlm.nih.gov/1814491/,2025-10-09T03:35:44+00:00
1951621,Mandibular traction system for adjunctive management of airway insufficiency in infants with Pierre Robin malformation sequence.,The American journal of occupational therapy : official publication of the American Occupational Therapy Association,1991 Oct,"Easter B, Wood C, Eppley BL, Sadove AM",,https://pubmed.ncbi.nlm.nih.gov/1951621/,2025-10-09T03:35:44+00:00
1890516,Computerized digital enhancement in craniofacial cephalometric radiography.,Journal of oral and maxillofacial surgery : official journal of the American Association of Oral and Maxillofacial Surgeons,1991 Oct,"Eppley BL, Sadove AM",,https://pubmed.ncbi.nlm.nih.gov/1890516/,2025-10-09T03:35:44+00:00
1952739,Obstructive congenital epulis in a newborn.,Annals of plastic surgery,1991 Aug,"Eppley BL, Sadove AM, Campbell A",,https://pubmed.ncbi.nlm.nih.gov/1952739/,2025-10-09T03:35:44+00:00
2056364,Application of microfixation techniques in reconstructive maxillofacial surgery.,Journal of oral and maxillofacial surgery : official journal of the American Association of Oral and Maxillofacial Surgeons,1991 Jul,"Eppley BL, Sadove AM",,https://pubmed.ncbi.nlm.nih.gov/2056364/,2025-10-09T03:35:44+00:00
2052635,Free bone graft reconstruction of irradiated facial tissue: experimental effects of basic fibroblast growth factor stimulation.,Plastic and reconstructive surgery,1991 Jul,"Eppley BL, Connolly DT, Winkelmann T, Sadove AM, Heuvelman D, Feder J",,https://pubmed.ncbi.nlm.nih.gov/2052635/,2025-10-09T03:35:44+00:00
1909760,A comparison of human recombinant tissue-type plasminogen activator and urokinase in microsurgical thrombolysis in the rat.,Journal of reconstructive microsurgery,1991 Jul,"Levy EA, Sadove AM, Eppley BL, Evan AP",,https://pubmed.ncbi.nlm.nih.gov/1909760/,2025-10-09T03:35:44+00:00
1872552,Microfixation techniques in pediatric craniomaxillofacial surgery.,Annals of plastic surgery,1991 Jul,"Sadove AM, Eppley BL",,https://pubmed.ncbi.nlm.nih.gov/1872552/,2025-10-09T03:35:44+00:00
1814486,Microscrew anchorage techniques in craniofacial surgery.,The Journal of craniofacial surgery,1991 Jul,"Eppley BL, Sadove AM",,https://pubmed.ncbi.nlm.nih.gov/1814486/,2025-10-09T03:35:44+00:00
2037917,Microanatomic analysis of the trigeminal nerve and potential nerve graft donor sites.,Journal of oral and maxillofacial surgery : official journal of the American Association of Oral and Maxillofacial Surgeons,1991 Jun,"Eppley BL, Snyders RV Jr",,https://pubmed.ncbi.nlm.nih.gov/2037917/,2025-10-09T03:35:44+00:00
1897414,A physicochemical approach to improving free fat graft survival: preliminary observations.,Aesthetic plastic surgery,1991 Summer,"Eppley BL, Sadove AM",,https://pubmed.ncbi.nlm.nih.gov/1897414/,2025-10-09T03:35:44+00:00
1845876,Efficacy of nerve growth factor in regeneration of the mandibular nerve: a preliminary report.,Journal of oral and maxillofacial surgery : official journal of the American Association of Oral and Maxillofacial Surgeons,1991 Jan,"Eppley BL, Snyders RV, Winkelmann TM, Roufa DG",,https://pubmed.ncbi.nlm.nih.gov/1845876/,2025-10-09T03:35:44+00:00
2243850,Evaluation of HTR polymer as a craniomaxillofacial graft material.,Plastic and reconstructive surgery,1990 Dec,"Eppley BL, Sadove AM, German RZ",,https://pubmed.ncbi.nlm.nih.gov/2243850/,2025-10-09T03:35:44+00:00
2098179,Effects of material porosity on implant bonding strength in a craniofacial model.,The Journal of craniofacial surgery,1990 Oct,"Eppley BL, Sadove AM",,https://pubmed.ncbi.nlm.nih.gov/2098179/,2025-10-09T03:35:44+00:00
2197384,Cutaneous approaches to the orbital skeleton and periorbital structures.,Journal of oral and maxillofacial surgery : official journal of the American Association of Oral and Maxillofacial Surgeons,1990 Aug,"Eppley BL, Custer PL, Sadove AM",,https://pubmed.ncbi.nlm.nih.gov/2197384/,2025-10-09T03:35:44+00:00
2372971,An evaluation of calvarial and iliac donor sites in alveolar cleft grafting.,The Cleft palate journal,1990 Jul,"Sadove AM, Nelson CL, Eppley BL, Nguyen B",,https://pubmed.ncbi.nlm.nih.gov/2372971/,2025-10-09T03:35:44+00:00
2292783,"Total scalp, ear, and eyebrow avulsion: aesthetic adjustment of the replanted tissue.",Journal of reconstructive microsurgery,1990 Jul,"Sadove AM, Moore TS, Eppley BL",,https://pubmed.ncbi.nlm.nih.gov/2292783/,2025-10-09T03:35:44+00:00
2349291,Modifications in the surgical correction of trigonocephaly.,Plastic and reconstructive surgery,1990 Jun,"Sadove AM, Kalsbeck JE, Eppley BL, Javed T",,https://pubmed.ncbi.nlm.nih.gov/2349291/,2025-10-09T03:35:44+00:00
1691778,Stimulation of craniofacial and intramedullary bone formation by negatively charged beads.,Journal of oral and maxillofacial surgery : official journal of the American Association of Oral and Maxillofacial Surgeons,1990 May,"Krukowski M, Shively RA, Osdoby P, Eppley BL",,https://pubmed.ncbi.nlm.nih.gov/1691778/,2025-10-09T03:35:44+00:00
2179496,Use of bolsters for retention of facial sutures.,Journal of oral and maxillofacial surgery : official journal of the American Association of Oral and Maxillofacial Surgeons,1990 Apr,"Eppley BL, Sadove AM",,https://pubmed.ncbi.nlm.nih.gov/2179496/,2025-10-09T03:35:44+00:00
2094476,Major craniomaxillofacial reconstruction aided by microsurgical tissue transfer.,The Journal of craniofacial surgery,1990 Apr,"Sadove AM, Eppley BL",,https://pubmed.ncbi.nlm.nih.gov/2094476/,2025-10-09T03:35:44+00:00
2239520,An improved draping method for otoplastic surgery.,Aesthetic plastic surgery,1990 Fall,"Eppley BL, Colville C, Sadove AM",,https://pubmed.ncbi.nlm.nih.gov/2239520/,2025-10-09T03:35:44+00:00
1688455,Experimental effects of graft revascularization and consistency on cervicofacial fat transplant survival.,Journal of oral and maxillofacial surgery : official journal of the American Association of Oral and Maxillofacial Surgeons,1990 Jan,"Eppley BL, Smith PG, Sadove AM, Delfino JJ",,https://pubmed.ncbi.nlm.nih.gov/1688455/,2025-10-09T03:35:44+00:00
2587646,Nasal bone graft miniscrew fixation.,Plastic and reconstructive surgery,1989 Dec,"Sadove AM, Eppley BL",,https://pubmed.ncbi.nlm.nih.gov/2587646/,2025-10-09T03:35:44+00:00
2592577,Single stage repair of the median cleft lip deformity in holoprosencephaly.,Journal of cranio-maxillo-facial surgery : official publication of the European Association for Cranio-Maxillo-Facial Surgery,1989 Nov,"Sadove AM, Eppley BL, DeMyer W",,https://pubmed.ncbi.nlm.nih.gov/2592577/,2025-10-09T03:35:44+00:00
2478587,Tumor vascular permeability factor stimulates endothelial cell growth and angiogenesis.,The Journal of clinical investigation,1989 Nov,"Connolly DT, Heuvelman DM, Nelson R, Olander JV, Eppley BL, Delfino JJ, Siegel NR, Leimgruber RM, Feder J",,https://pubmed.ncbi.nlm.nih.gov/2478587/,2025-10-09T03:35:44+00:00
2732838,Reduction in injection pain by buffering of local anesthetic solutions.,Journal of oral and maxillofacial surgery : official journal of the American Association of Oral and Maxillofacial Surgeons,1989 Jul,"Eppley BL, Sadove AM",,https://pubmed.ncbi.nlm.nih.gov/2732838/,2025-10-09T03:35:44+00:00
2656940,Surgical repair of defects in the rabbit temporomandibular joint disc: a comparison of various techniques.,Journal of oral and maxillofacial surgery : official journal of the American Association of Oral and Maxillofacial Surgeons,1989 Jun,"Eppley BL, Kalenderian E, Winkelmann T, Delfino JJ",,https://pubmed.ncbi.nlm.nih.gov/2656940/,2025-10-09T03:35:44+00:00
2921658,Effect of different surgical repair modalities on regeneration of the rabbit mandibular nerve.,Journal of oral and maxillofacial surgery : official journal of the American Association of Oral and Maxillofacial Surgeons,1989 Mar,"Eppley BL, Doucet MJ, Winkelmann T, Delfino JJ",,https://pubmed.ncbi.nlm.nih.gov/2921658/,2025-10-09T03:35:44+00:00
2497212,Facial nerve graft repair: suture versus laser-assisted anastomosis.,International journal of oral and maxillofacial surgery,1989 Feb,"Eppley BL, Kalenderian E, Winkelmann T, Delfino JJ",,https://pubmed.ncbi.nlm.nih.gov/2497212/,2025-10-09T03:35:44+00:00
3145951,Bilateral nasopalatine ducts of the premaxilla.,International journal of oral and maxillofacial surgery,1988 Dec,"Eppley BL, Delfino JJ",,https://pubmed.ncbi.nlm.nih.gov/3145951/,2025-10-09T03:35:44+00:00
3166041,Surgical treatment of internal derangements of the temporomandibular joint: evaluation of two techniques.,Journal of oral and maxillofacial surgery : official journal of the American Association of Oral and Maxillofacial Surgeons,1988 Sep,"Eppley BL, Delfino JJ",,https://pubmed.ncbi.nlm.nih.gov/3166041/,2025-10-09T03:35:44+00:00
2452866,Enhancement of angiogenesis by bFGF in mandibular bone graft healing in the rabbit.,Journal of oral and maxillofacial surgery : official journal of the American Association of Oral and Maxillofacial Surgeons,1988 May,"Eppley BL, Doucet M, Connolly DT, Feder J",,https://pubmed.ncbi.nlm.nih.gov/2452866/,2025-10-09T03:35:44+00:00
3422269,Collagen tube repair of the mandibular nerve: a preliminary investigation in the rat.,Journal of oral and maxillofacial surgery : official journal of the American Association of Oral and Maxillofacial Surgeons,1988 Jan,"Eppley BL, Delfino JJ",,https://pubmed.ncbi.nlm.nih.gov/3422269/,2025-10-09T03:35:44+00:00
3125273,Evaluation and surgical correction of the facial skeletal deformity in Hallermann-Streiff syndrome.,International journal of oral and maxillofacial surgery,1987 Dec,"Sclaroff A, Eppley BL",,https://pubmed.ncbi.nlm.nih.gov/3125273/,2025-10-09T03:35:44+00:00
2822881,Functional alveolar reconstruction in a patient with total mandibular replacement.,Journal of oral and maxillofacial surgery : official journal of the American Association of Oral and Maxillofacial Surgeons,1987 Nov,"Altshuler L, Sclaroff A, Eppley BL",,https://pubmed.ncbi.nlm.nih.gov/2822881/,2025-10-09T03:35:44+00:00
3537240,Secondary management of the premaxilla in bilateral cleft lip and palate patients.,Journal of oral and maxillofacial surgery : official journal of the American Association of Oral and Maxillofacial Surgeons,1986 Dec,"Eppley BL, Sclaroff A, Delfino JJ",,https://pubmed.ncbi.nlm.nih.gov/3537240/,2025-10-09T03:35:44+00:00
3465939,Potential problems with intranasal suspension wires.,Journal of oral and maxillofacial surgery : official journal of the American Association of Oral and Maxillofacial Surgeons,1986 Dec,Eppley BL,,https://pubmed.ncbi.nlm.nih.gov/3465939/,2025-10-09T03:35:44+00:00
3463717,An animal model for advanced microsurgical training.,Journal of oral and maxillofacial surgery : official journal of the American Association of Oral and Maxillofacial Surgeons,1986 Oct,"Eppley BL, Delfino JJ",,https://pubmed.ncbi.nlm.nih.gov/3463717/,2025-10-09T03:35:44+00:00
3457121,Radiographic and surgical evaluation of internal derangements of the temporomandibular joint.,Journal of oral and maxillofacial surgery : official journal of the American Association of Oral and Maxillofacial Surgeons,1986 Apr,"Delfino JJ, Eppley BL",,https://pubmed.ncbi.nlm.nih.gov/3457121/,2025-10-09T03:35:44+00:00
3906060,Total mandibular replacement in a patient with Hand-Sch√ºller-Christian disease.,Journal of oral and maxillofacial surgery : official journal of the American Association of Oral and Maxillofacial Surgeons,1985 Dec,"Altshuler L, Sclaroff A, Eppley BL",,https://pubmed.ncbi.nlm.nih.gov/3906060/,2025-10-09T03:35:44+00:00
3903085,Thermoplastic material for intraoral stent fabrication.,Journal of oral and maxillofacial surgery : official journal of the American Association of Oral and Maxillofacial Surgeons,1985 Nov,"Eppley BL, Sclaroff A, Altshuler L",,https://pubmed.ncbi.nlm.nih.gov/3903085/,2025-10-09T03:35:44+00:00
3863899,Simultaneous occurrence of dermoid and heterotopic intestinal cysts in the floor of the mouth of a newborn.,Journal of oral and maxillofacial surgery : official journal of the American Association of Oral and Maxillofacial Surgeons,1985 Nov,"Eppley BL, Bell MJ, Sclaroff A",,https://pubmed.ncbi.nlm.nih.gov/3863899/,2025-10-09T03:35:44+00:00
3861824,Use of prophylactic antibiotics in temporomandibular joint surgery.,Journal of oral and maxillofacial surgery : official journal of the American Association of Oral and Maxillofacial Surgeons,1985 Sep,"Eppley BL, Delfino JJ",,https://pubmed.ncbi.nlm.nih.gov/3861824/,2025-10-09T03:35:44+00:00
3858365,Cavernous lymphangioma of the lip: report of case.,Journal of the American Dental Association (1939),1985 Apr,"Eppley BL, Sclaroff A",,https://pubmed.ncbi.nlm.nih.gov/3858365/,2025-10-09T03:35:44+00:00
